4001167903322;Zapf Creation 903322 - Dancing Danni Funktionspuppe;3
8003670216407;Chicco 654m Duo;2
5010994829971;Hasbro Nerf N-Strike Elite XD Strongarm;8
4008332401010;Happy Baby 40101 - Eisbeißringe;3
0887961428827;Mattel Barbie FBD82 - Magie der Delfine Abenteuerboot;3
4005556178247;Ravensburger 17824 - Paradiesischer Sonnenuntergang-Puzzle;12
5010994844639;Hasbro B0647EU4 - Nerf Rebelle Secret Shot;8
0887961056136;Mattel Barbie CFF12 - Beach Barbie;3
0746775319304;Mattel BGC12 - Fisher-Price Lernspaß Gute Nacht Hündchen mit Licht und Musik;2
0887961062557;Mattel 3-in-1 Erlebnisdecke mit Lichtern;3
0746775362959;Mattel R4746 - Fisher-Price Little People Flugzeug;2
0887961073232;Mattel Fisher-Price CGV45 - Tanzspaß BeatBo Motorikspielzeug;2
0065541083271;Mattel DCH63 - Mega Bloks  Bausteinebeutel Large;2
4006144581708;Oxford Heft A4 Lin. 21/384401621 Lin. 21-liniert 9mm 90g/qm;6
3417761647042;VTech 80-164704 - Tut Tut Baby Flitzer - Actionrampe;2
0887961397307;Mattel Hot Wheels DXH60 - Adventskalender 2017;3
0887961179477;Mattel Fisher-Price DFR11 - Knisterkamera;2
0000042023296;Feuerrot Seidenmatt 14Ml;8
4006144581791;Oxford Heft A5 Lin. 9;6
4006144581807;Heft A5 16Bl 90g kar.Lineatur 10;6
3270220060963;Bic Kids Evolution Buntstifte Set (Farbstifte für Kinder ab 5 Jahren;3
4005556003679;Ravensburger 00367 - tiptoi Spielfigur: Antilope;4
4260278553417;Eiskönigin – 53417 – Ohrringe selbstklebend Die;3
4010070202897;Depesche 006304 - Buntstiftset;3
4005556003594;Ravensburger 00359 - Tiptoi Spielfigur Giraffenjunges;4
4012700807946;Pelikan 807941 Farbschälchen Ersatzfarbe Neu zinnober;6
4005556003648;Ravensburger 00364 - Tiptoi Spielfigur: Schimpanse;4
4006144936843;Oxford 385501603/100050408 Junior Heft DIN A5;6
4010070319120;TOPModel 7691 - 3-fach Federtasche Friends;6
0746775310073;Mattel Fisher-Price BFH93 - Lichtspiel-Piano mit Licht und Sound;2
4006144951501;Oxford 100050094 Schreiblernheft LIN 1F - A4;6
4002051692339;Kosmos 692339 - Ubongo;8
0027084489262;Mattel L3671 - Skip-Bo Deluxe;7
4012700967671;Pelikan 967679 Schulfüller Pelikano P 480 Hellblau Feder M;6
4013594585309;Goki 58530 - Zahnradspiel;3
4013285133413;Auhagen 13341.0 - Fabrikgebäude;14
0883028385959;Rubie's 3 883859 S - Minnie Mouse Classic Kostüm;3
0887961043402;Mattel Fisher-Price CDK26 - Lernspaß Hündchens Zahlenbuch;2
0027084877977;Mattel T1882-0 - Skip-Bo Junior;4
8003558266302;Widmann 2663T Kindermaske Totenkopf;5
8003558518203;Halloween Girlande Hexe Hexengirlande ca. 270cm - Widmann;3
4004943562805;BIG 56280 - New Bobby-Car Anhänger;2
0887961080377;Fisher Price CHH59 Doodle Pro Stempelspaß (blau);3
4013594609197;Goki 60919 - Dekoration - Geburtstagszug Zirkuswelt;2
4002372219093;Idena 250042 - Schulranzenset;5
0065541084179;Mattel Mega Bloks DCH54 - Bausteinebeutel Medium;2
4012700339157;Füllhalter Pelikano M Bonus Pack;6
4006381393096;STABILO EASYergo 3.15 rechts orange - ergonomischer Druckbleistift (HB) mit Spitzer;5
4260278558764;Dreamworks 58764 Ei Magische Einhorn;3
4002372001742;Idena 610053 - Buntpapier DIN A4;4
0887961327618;Mattel DPX25 - Mister Pups Geschicklichkeitsspiele;5
8003558026289;Piratenkostüm für Kinder Gr. L = 152 - 158;11
0065541084162;Mattel Mega Bloks DCH55 - Bausteinebeutel Medium;2
0000042022893;Blau Glänzend 14Ml;14
5011363525630;SOS Affenalarm;3
4014519220008;Lamy auqaplus 12er-Deckfarbkasten;3
4007464040807;Small Foot by Legler Einkaufskorb „rot“  im original Reisenthel-Design;3
4010070308520;Horses Dreams 4423 - Tagebuch mit Code und Sound Motiv 2;5
4051902101513;Eichhorn - 100010151 - 100 bunte Bausteine in der Trommel zur Aufbewahrung - hochwertiges Buchenholz - Holzbausteine Made in Germany;2
6911400339529;Auldeytoys YW710010 Super Wings Transform Spielzeugfigur Jett;3
4042448348456;Promopack 2 x tesa Stick ecoLogo;2
4001167822524;Zapf Creation 822524 - my little Baby born;2
4002372681333;Idena 68133 - Malbuch für Erwachsene;3
6943478012646;Hape E0375 - Wunderbarer Holzwagen;3
4041268312524;LEGO 31252 - Nexo Knights Aaron Minitaschenlampe und Schlüsselanhänger mit LEDs;3
4006149590095;John 59009 - Sprungball mit Hörnchen - 60 cm - Hüpfball;3
0883028130870;Rubie's 3 881308 L - Spiderman Premium Kostüm;3
4007486303607;Carrera  20030360 - Adapter Unit;8
4012700807984;Pelikan Deckfarbe 109 violett;6
5011363523704;Mattel 52370-0 - Skip-Bo;7
0887961044454;Mattel Fisher-Price CDL23 - Lernspaß Hündchen;2
7312350338171;BRIO World 33817 - Bahn Großes Feuerwehr Deluxe Set;3
8003558127672;Widmann 12767 - Kinderkostüm Prinzessin Rosa;8
5010994947255;Hasbro Yo-Kai Watch B5943100 - Uhr inklusiv 2 Medaillen;4
5060229979667;STAR WARS – Darth Vader;3
0883028385966;Rubie's 3 883859 M - Minnie Mouse Classic Kostüm;5
0065541804647;Mattel Mega Bloks First Builders CND63 "Freddy" das lustige Feuerwehrauto;2
4006144936782;Oxford 385401601/100050400 Junior Heft A4;6
4009847043504;Theo Klein 4350 - Arztkoffer mit Handy;3
4005556215560;Ravensburger 21556 - Lotti Karotti;4
0746775362874;Mattel BJT48 - Fisher-Price Little People Schulbus;2
5010994643324;Hasbro 98909100 - Elefun Schnüffel Rüssel;3
0027084739503;Mattel Fisher-Price P4326 - Meine erste Toilette;2
0887961160284;Mattel Hot Wheels CMM32 - Star Wars Character Car Starter;3
0082686325295;Lucas – ST-32529 VII – Krieg der Sterne – Storm Trooper Maske – Einheitsröße;3
4005556250387;Ravensburger 25038 - Logi-Geister;5
4001648695609;Stadlbauer PUSTEFIX GROSSER RIN;3
4008332413105;Happy People 41310 - Happy Baby;2
0075380010505;Fisher-Price 71050 - Farbring Pyramide;2
4002051630447;Kosmos 630447 - Ausgrabungsset Mineralien;7
4006144582088;Oxford 311501613/100050103 Geschichtenhefte DIN A5 quer;3
4042448103932;tesa Powerstrips LARGE / Doppelseitige Klebestreifen zur Montage von Gegenständen bis 2kg - wieder ablösbar  1 x 10 Strips;6
0746775260743;Mattel Y9598 - Scrabble Original Kreuzwortspiel;10
4047443261830;Coocazoo Stifteetui PencilDenzel Dope Square Red dope square red;3
4006144582118;Oxford 311401600/100050089 Schreiblernhefte DIN A4 quer SL;6
4004764007998;Edding 4-3000004 Permanentmarker 3000;6
0887961428643;Mattel Barbie FBD64 - Magie der Delfine Meerjungfrau;3
4004510926443;Teddy Hermann 926443 Murmeltier;3
4049491551000;Knorrtoys 55100 - Spieltunnel Bilba;2
4012390355222;Nici 35522 - Esel Schlenker;2
0050743638497;Little Tikes 638497GR - lil' ocean explorers - Babyspielzeug - Schnappi Schildkröte;2
4010070293307;TOPModel 7211 - Schmuckschatulle mit Licht;6
4010070219284;TOPModel 6660 - Make-Up Creative-Mappe;6
5025123311609;Animagic 31160.4300 - Elektronische Haustier Pony;4
4008332404240;Happy People 94.4042/00 - Steckturm;2
0074299756764;Fisher-Price 75676 - Entchenball;2
4008332401669;Happy People 40166 - Badewannen Buch;2
4010070239176;TOPModel 7944 - Beste Freundinnen Buch;6
0027084414998;Mattel Fisher-Price K4562 Rainforest Erlebnisdecke;3
4005556232635;Ravensburger 23263 - Make 'n' Break Mitbringspiel;8
0000042023258;Lufthansa-Gelb Seidenm.14Ml;3
8003558551408;Kinderkostüm Umhang;3
0887961052909;Mattel Barbie Die Super-Prinzessin Freundin - 1 Stück;3
5410764070846;Konfettikanone;2
4047443134660;Step by Step Touch Schulranzen-Set 5-tlg. Sunny Flowers sunny flowers;6
4002372003258;20 Blatt Tonzeichenpapier / DIN A4 / 10 verschiedene Farben;4
0887961073935;Hw Schiffe Star Wars STDO.;4
4012700808165;Pelikan 808162 - Ersatzfarben für 735K;6
4012700987013;Pelikan 987016 Tintenlöscher 850F;4
0746775371548;Mattel BLT38 - Fisher-Price Babys erstes Xylofon mit Licht und Musik;2
4009847084163;klein Bosch Werkzeugkoffer;3
4013594800617;Holztiger Bobtail;3
0746775094751;Mattel Fisher-Price W9834 - Raupe;4
0746775308650;Little People Fahrzeug Helicopter mit Figur und Soundeffekt;3
0027084145526;Mattel Fisher-Price G2830-0 - Lernspaß Telefon;2
0027084729887;Fisher-Price P2672 - Lernspaß CD-Spieler;2
0887961045970;Mattel Fisher-Price CDN53 - Babyspielzeug - Aufziehspaß Elefanten;2
0074427814533;Ultra Pro Deck Box Black w/Bag (81453) - Sammelkartenzubehör;3
0026635279833;Amscan 22/55 x 34/86 cm Nummer 3 Super Shape Folienballon;8
0746775309725;Mattel Fisher-Price BFH59 - Stapel-Badeboot;2
5414932076012;Glitza Tribal Big Box 4 Farben - Trends2Com;3
4002051631543;Kosmos 631543 - Die drei ??? Digitaler Tresor;8
0887961040692;Mattel Fisher-Price CDG57 - Lernspaß Tablet;2
6943478016989;Hape E1812 Pepe und Friends Motorikwürfel Spielzeug;2
8000796040862;Simba 107109651 - Baby-Gießkanne;2
4005556141715;Ravensburger 14171 - Harmonie im Dschungel;10
0065541383890;Mattel Mega Bloks CNM43 - Bausteinebeutel Deluxe;2
0887961256505;Mattel Fisher-Price DLD32 - Lernspaß Fernbedienung;2
8000796134011;Simba 107102508 - Sandformen Cup Cake;2
8003558026388;Widmann 02638 - Kinderkostüm Piratin;11
4005998018491;HUDORA Protektoren Kinder Green Style;2
0000042023111;Ocker Matt 14Ml;3
4005556231140;Ravensburger 23114 - Affenbande - Mitbringspiel;3
0887961046076;Mattel CDN41 3-in-1 Traumbärchen Mobile;2
0746775323455;Mattel Hot Wheels BGK04 Color Shifters Hai-Attacke Spielset;4
0887961428650;Mattel Barbie FBD63 - Magie der Delfine Barbie und tierische Freunde;3
4006144951655;Oxford 100050098 Schreiblernheft LIN 4G - A4;6
0000042023234;Weiss Seidenmatt 14Ml;8
4012700807939;Pelikan Deckfarbe 43 magentarot;6
0887961071955;Mattel Fisher-Price CGR95 - Babyspielzeug - Elefanten-Beißring;2
4047443207586;Step by Step Zubehör Heftbox;3
0000042027607;Mittelgraumatt Usaf 14Ml;3
4006381429580;STABILO SMARTball rechts schwarz/cyan Schreibfarbe blau - ergonomischer Kugelschreiber mit Touchscreen-Funktion (Stylus);4
4043946228356;Undercover DP11725 - Sporttasche Disney Princess;6
4004943013116;Big 01311 BIG-BOBBY-CAR-TRAILER BLAU;2
4005556233915;Ravensburger 23391 - Kakerlakak;5
0027084436754;Fisher-Price K7167 - Babys erste Bausteine Formensortierspiel;3
4902505375149;PILOT Textmarker FRIXION light;4
4013594585095;Goki 58509 - Strickrahmen;5
0078484198933;Fiskars Tragbare Papierschneidemaschine;11
4005556075379;Ravensburger 07537 - Mein erstes Schulpuzzle: Erstes Englisch - 80 Teile Puzzle;5
4008110214726;Herlitz 10485134 Ordner A4 S80 Lemon;6
4013594619820;Goki 61982 - Musikinstrument - Trommel;3
4012991634450;Nerchau 362410 Hobby Acrylfarben matt 59 ml Ultramarinblau;2
8003558965632;Widmann 96563 - Kinderkostümset;3
4002051695101;Kosmos - Catan - Städte & Ritter;12
0074299756016;Mattel Fisher-Price 75601-0 - Baubecher;3
5010994894801;Hasbro Nerf B3191EU4 - Doomlands Vagabond;8
4010070216436;Depesche 7887 - TopModel Homestory Malbuch;6
3474377923113;Pentel K118Z Tintenroller Hybrid silber;2
4010070272012;TOPModel 7857 - Pocket Malbuch mit 3D Cover;6
8003558527908;Widmann 5279D - Teufelsgabel;3
0887961097320;Mattel CJH36 Minecraft Mini-Figuren Blindbox;6
4005556006335;Ravensburger 006335 tiptoi® Wieso? Weshalb? Warum? - Komm mit auf die Baustelle;4
5010994803278;PEPERILLA Spielplatzgeräte PLATTEN 33.343;3
4010168037356;Haba 3735 - Mobile Blütenfalter;2
4104090806095;Faller 180609 - Modellbahnzubehör: Moderne Aufzüge;14
4005556003662;Ravensburger 00366 - tiptoi Spielfigur: Spitzmaulnashorn-Bulle;4
0000042023067;Lehmbraun Glänzend 14Ml;3
4006144936492;Anfängerheft A4 hoch 16Bl 2G;6
4005556005642;Ravensburger 00564 - Tiptoi Tier-Set Bauernhof;4
4002051680282;Kosmos 680282 - Magic Zauberhut;6
4002372002343;Idena 212013 Malblock A4;4
4002372003227;10 Blatt Tonzeichenpapier / DIN A3 / 10 verschiedene Farben;4
8003558983506;Hexenbesen Hexen Besen Witch Broom Halloween;3
4001167822456;Zapf 4001167822456 Interactive Zauberdrache;3
8711808832602;Super Sand 83260 - Kinderknete;4
0746775334949;Mattel Fisher-Price BHB90 Lernspaß Smart Phone;2
0000042022756;Leuchtorange Matt 14Ml;3
4002372341411;Idena 634141 - Klebestift;4
4140171302506;De Aquostini Sammeltüte Frosch Und Co.;3
0746775316501;Ever After High – bfx05 – Puppe – Coffret Duo Ashlynn Ella und Hunter Huntsman;8
4002051628116;KOSMOS 628116 Physik Profi;10
4002372107208;Idena Agenda FSC-Mix;9
4012700961013;Pelikan 961011 - Wachsschreiber pink;4
0746775371494;Mattel BLT33 - Fisher-Price Babys Rumba-Rasseln mit Stoffenden;2
4012991655448;Nerchau 291209-Art Gel 100 ml;12
0887961105087;Mattel Barbie CJT42  - Das große Hundeabenteuer;3
0075380778160;Fisher-Price 77816 - Plappertelefon;2
4012700960764;Pelikan Griffix Bleistift zum Nachfüllen für Linkshänder grün;3
4010168058498;HABA 5849 - Stehauffigur Kasper;2
5010994830496;Hasbro Nerf 98695EU4 - N-Strike Elite Stockade;8
4002051698232;Kosmos 698232 - Zauberschule Magic - Gold Edition;8
5414635076197;NoName 10038023 Seitenspiegel-Überzug Deutschland;2
8018190054309;TC Road to World Cup 2014;7
0887961052886;Mattel Barbie CDY62  - Barbie in Die Super-Prinzessin - Prinzessin Corinne;3
5010994830243;Hasbro Nerf 98696E35 - N-Strike Elite Retaliator;8
6943478016200;Hape E3814 - Railway spielzeug - "Mein kleines Eisenbahnset";3
0887961041521;Mattel Fisher-Price CDH40 Lernspaß Liederbuch;2
4006144588639;Oxford 311401616/100050093 Geschichtenhefte DIN A4;6
8003558823208;Widmann 8232T - Piraten-Schatzset;3
6943478015883;Hape hap-e0103 "Christmas Special rock-a-long Puppy Ride auf" Spielzeug;2
4010070323998;Depesche 8517 - Manga Model Pocket Malbuch;6
4005556272235;Ravensburger 27223 - Bluff;12
4010070275587;Depesche 6118 - Monster Cars Federtasche;3
4015000428521;Pritt Bastelkleber / Bastelleim ohne Lösungsmittel / Wasserlöslich bei Niedrigtemperatur / Flüssiger Kleber für Kinder / 1 x 100g;3
7312350332131;BRIO World 33213 - Frachtlok-IR;3
4002051693602;Kosmos - Catan - Das Spiel;10
4012700971234;Pelikan 971234 - Schulfüller Pelikano P480 M;6
6943478006348;Hape E0347 - Pepe Pull along;2
4012700808028;Pelikan Deckfarbe 155 gelbgrün;6
0887961310887;"Welcome to Monster High" Singing Popstar Ari Hauntington Doll;6
4012991017826;Nerchau 140410-Stoffmalstifte 10-er Set;6
4012390390520;Nici 39052 - Einhorn Leonore stehend;2
4013594516716;Goki 51671 - Kaufläden und Zubehör - Kirschen;3
0074427814540;Ultra Pro Deck Box White w/Bag (81454) - Sammelkartenzubehör;12
4005556126606;Ravensburger 12660 - Tiere im Dschungel;8
4002299072184;5 Schminkstifte mit Spitz er;3
8421134010574;IMC Toys 10574IM - Cry Babies Lea;3
0884420689782;HP 940XL original ink cartridge yellow high capacity 1.400 pages 1-pack;2
4013594389143;Goki WM914 - Klopfspiel - Fang die Maus Fidu;2
8003558551606;Widmann 5516B - Umhang schwarz;14
4002051659066;KOSMOS 659066 - Papier-Schöpfen;8
4002372350109;Idena 350105 - Schreibunterlage Weltkarte;6
4029286451005;COLINT Faltschlitten DAVOS 100 cm TÜV/GS geprüft Klappschlitten faltbar Schlitten Rodel Holzschlitten Holz DKS 63100;4
6942138905922;Schwimmtier Manta;3
4009847063304;Theo Klein  6330 - Classic Kehrset;3
0746775016968;Mattel V9364 - Uno Extreme Kartenspiel;7
4006381327329;Premium-Filzstift - STABILO Pen 68 - 10er Pack - mit 10 verschiedenen Farben;3
4005556219391;Ravensburger 21939 - Meine erste Zaubershow;6
6943478008922;Hape E3007 - Feuerwache;3
4008110518459;Herlitz 11410651 Faulenzer be.bag beatBox;3
4004943562003;BIG 56200 - New Bobby Car;2
6942138940077;Bestway Schwimmtier Shark;3
6943478012790;Hape E0328 - Blauer Regenmacher;2
3417761877647;VTech Baby 80-187764 - Tut Flitzer - Müllauto und 2 Mülltonnen;2
0883028954353;Rubie's 3 889543 S - Anna Classic;6
5413538787124;Simba 6315878712 Mickey Plüsch;2
4019365310002;Stockmar 31000 Wachsmalstifte (8 Stifte;3
0887961053951;Mattel CJX74;3
5010994809225;Hasbro Nerf A8494EU4 - N-Strike Elite 2-in-1 Demolisher;8
3417761529041;VTech 80-152904 - Tut Tut Baby Flitzer - Polizeirevier;2
4011534640644;Heimess 764064 Baby-Fit Greif-und Spieltrainer "Marienkäfer";2
8421134010581;Crybabies BEBE WEEPING LALA 10345IMP;3
4020972020789;Legler 2078 - Steckspielzeug - Blume;2
4008332193823;Scout 19382 - Happy People - Schnitzset;8
5411313409100;Dymo S0720670 D1-Etiketten (Selbstklebend;2
4012700971197;Pelikan 971192 Schulfüller Pelikano P 480 Rosarot Feder M;6
4005556130733;Ravensburger 13073 - Abendsonne am Wasserloch;8.166666666666666
4029059109058;Mammut 129013 - 3D Erinnerungen - Abdruckset Bilderrahmen;8
6942138914443;Bestway Planschbecken Baby Bath;2
4001868212914;Folia 21209/10 - Papiertüten mit gedrehtem Papiertragegriff;3
4002372000424;Idena 215006 - Kopierpapier DIN A4;6
4010168021423;HABA 2142 - Puppe Matze;3
8003558007073;Perücke Deutschland;2
4005556233540;Ravensburger 23354 - Zwei erste Spiele - Mitbringspiel;3
4012700904829;Pelikan 904821 - Colorella Star;3
4005556125661;Ravensburger 12566 1- Empire State Building Night Edition Puzzle;12
0884962780503;HP 300XL Farbe Original Druckerpatrone mit hoher Reichweite für HP Deskjet;2
4008332162058;Happy People 16205 - Fisher Price;14
4005556231195;Ravensburger 23119 - Max Mümmelmann - Mitbringspiel;4
8001011166183;Suchen Dory – Aufblasbarer Ball für Strand Mondo 16618);2
4013594294010;Toys pure Fingerpuppensortiment 2;3
6943478012783;Hape Hape Early Melodies - Beaded Raindrops - Red Rainmaker Music Set;2
4005556230990;Ravensburger 23099 - Sticken ohne Nadel - Mitbringspiel;3
4007486267435;Carrera Carrera 20026743 - Evolution Digitaldecoder Blinklicht;3
5010994844622;Hasbro B0862EU4 - Nerf Rebelle Strongheart;8
8003558467648;Widmann 46764 Schmuckset Prinzessin;8
0082686325271;Lucas – st-32527 Kylo Ren – Star Wars Maske VII – Einheitsgröße;3
0074451811072;Oball 4002822 Shaker;2
4003046022353;Eichhorn 100002235 - buntes Holz-Spielcenter;3
8421134010598;IMC Toys 10598IM - Cry Babies Coney;3
4043168046936;Sterntaler 61224 Spieluhr Emmi;2
4005556230815;Gruselino von Ravensburger;5
4005556264216;Ravensburger 26421 - Europareise;10
4001167870068;Zapf Creation 870068 - Dolly Moda Shirt mit Leggings;3
4005556007790;Ravensburger 00779 - Tiptoi Rechenspaß mit Taschengeld;6
4005556233083;Ravensburger 23308 - Think® Kids: Noch mehr Logik-Rätsel - Mitbringspiel;8
4002372220402;Idena 8522040 Saugnapfhalter für Lichterketten Saugnapf Weihnachtsdeko Plastik 8 x 11.6 x 4.8 cm;3
4013594516679;Goki 51667 - Kaufläden und Zubehör - Birnen;3
0074451089761;HCM Kinzel 28136 - Kuscheltier Bright Starts Hänge und Greiffigur Giraffe;2
4020972058140;Holzpuzzle Anatomie Mädchen;3
4013594589147;Goki 58914 Steckfigur Haus;3
4029059109065;Mammut 129014 - 3D Erinnerungen - Abdruckset Bilderrahmen;8
4010168077895;HABA 7789 - Tankwagen;3
4002051680237;Kosmos 680237 Können Schweine fliegen?;5
8421134010079;IMC Toys 10079IM - Plüschtier;3
4002372823825;Idena 089108 - Idena Kostüm Teufelin größe M;14
8003558408900;Widmann 4089B Vampirgebiss für Kinder;5
8436543866575;Cife 86657 - Mal- und Basteleimer Disney Frozen;5
4005556232802;Ravensburger 23280 - Billy Biber - Mitbringspiel;4
5452004400853;Mionion Mini Wind up Action Figures;3
4013594585811;Goki 58581 - Hammerbank - basic;3
4005556186389;Ravensburger 18638 - 3D-Perlentiere;6
4005556005123;Ravensburger 00512 - Tiptoi Spiel Das Geheimnis der Zahleninsel;5
8000796062031;Power Worker;3
4005556263431;Ravensburger 26343 - Make 'N' Break;8
4006592986995;Simba 109258699 - Feuerwehrmann Sam Megaphon mit Stimmenverzerrer;3
4005556232062;Ravensburger 23206 - Labyrinth - Das Kartenspiel;7
4005556005192;Ravensburger 00519 tiptoi: memory® Rekorde im Tierreich;5
0746775269470;Mattel Disney's Sofia die Erste BBM27 - Sprechende Puppe und ihre Tierfreunde;3
4013594529914;Toys pure Storch mit Baby;2
4005556247264;Ravensburger 24726 - Wir spielen Baustelle;3
4260033152336;Camelion 17421206 - Always Ready Akku R06 Mignon 2300mAh 2er Blister;3
4005556232444;Ravensburger 23244 - Maulwurf Versteckspiel - Mitbringspiel;4
4005556045099;Ravensburger ministeps 04509 - Glitzer-Rassel-Fisch;2
4001128150116;Bob Ross Flüssigweiß 250 ml;6
4009847029904;Klein 2990 - batteriebetriebene Ampel;3
4013594549929;Goki 54992 - Ziehtier Hund;2
4250258305433;Musik für Kleine 543 - Meerestrommel;2
4006592998936;Simba 109309893 - Mascha und der Bär Plüschbär mit bewegliche Beine 43cm;2
4013594549936;Goki 54993 - Ziehtier Ente Ellah;2
4006592546090;ML TINY LAURA;2
4013594608640;Goki 60864 - Dekoration - Geburtstagskind - kleines Mädchen;2
8715839027983;BERG Buddy Orange;3
9783815795439;Hör mal;2
4012473998346;HAN 998-693;6
7312350338157;BRIO World 33815 - Bahn Feuerwehr Set  TV Artikel;3
4005556075607;Ravensburger 07560 -Fleißig auf dem Bauernhof;3
4005556088997;Ravensburger 08899 - Vorsicht Baustelle!;4
4005556006151;Ravensburger 006151 Leserabe: Lesen lernen mit tiptoi® - Im Garten der Feen;6
4005556005895;tiptoi® Entdecke die Tiere Afrikas (tiptoi® Wieso? Weshalb? Warum?;4
5411313912242;Dymo S0721690 LT-Kunststoffetiketten (Rolle mit den Maßen 12 mm x 4 m;2
4005556044726;Ravensburger ministeps 04472  - Klapper-Rassel-Stern;2
4001167820858;Zapf 4001167820858 Puppe;2
8593539002239;Koh-I-Noor Progresso Buntstifte-Set;10
5414635069236;NoName 10038024 Flagge Deutschland;2
4013594585484;Goki 58548 - Sort Box - Susibelle Kollektion;2
8711808330023;Robofisch 33002 - Finding Dory;3
4005556214228;Ravensburger 21422 - Hämmerchen Spiel;4
4043168047032;Sterntaler 62224 - Mini-Spieluhr Emmi (neu);2
4047443321688;Step by Step Schultüte Stadtpolizei;6
0026635279802;Folienballon SuperShape;8
4001868218978;Folia 21809/7 - Papiertüten mit gedrehtem Papiertragegriff;3
5010994687007;Littlest Petshop – a1345e240 – Puppe – Versteckspiel N SWEET Lamb;4
8421134016002;IMC Toys 16002FR - Frozen Mini Skizzenblock mit Stiften;3
7312350337297;BRIO World 33729 - Mein Erster BRIO World Zug;3
4013594529235;Goki 52923 3-D Mobile Frühlingsbienen;3
4005556264469;Das verrückte Labyrinth;7
4005556141791;Ravensburger 14179 - Golden Retriever;9
4002372100896;Deutschlandfahne mit Holzstab 30x45 cm WM 2010 - Idena (SPW);4
5010994661113;Hasbro Nerf A0350492 - N-Strike Elite 12er Dart;8
4005556128013;Ravensburger 12801 - Arendelle im ewigen Eis - Panorama;8
4902505417559;Pilot 2270009 Tintenschreiber BLRT-FR7-P Frixion;4
5201184825044;Disney 82504P - Frozen Invitation Cards;3
4002051602239;Kosmos 602239 - Mein erster Experimentierkasten Technik;5
4902505399275;PILOT Tintenroller FRIXION POINT;6
4012991000873;Nerchau 430410 - Porzellan Malstifte;3
3417761803646;VTech Baby 80-180364 - Tut Baby Flitzer - RC Polizei;2
3417765010040;VTech Baby 80-501004 - Tip Tap Baby Tiere - Plüsch-Schaf;2
4005556005871;tiptoi® Komm mit in den Wald (tiptoi® Wieso? Weshalb? Warum?;4
4007176128428;Bullyland 12842 - Spielfigur - Walt Disney Tinkerbell - Periwinkle Winterfee;3
8003558130900;LIBROLANDIA 1309P PARRUCCA DISCO IN SACCHETTO ASS.6 COLORI;3
3417761523049;VTech 80-152304 - Tut Tut Baby Flitzer;2
4005556006205;tiptoi® Erste Zahlen (tiptoi® Mein Lern-Spiel-Abenteuer);4
4005556090426;Ravensburger 09042 - Sam hilft dir in der Not;4
5024095216950;Star Wars Droid Wecker Digital 21604;3
4001504266950;Bibi Blocksber CD 95 Die Verbotene Hexeninsel;3
4005556154340;Ravensburger 15434 - Asterix Familienfoto;12
3168070203121;Dreikant-Buntstift - STABILO Trio dick - 12er Pack - mit 12 verschiedenen Farben;3
4005556156184;Ravensburger 15618 - Lunchtime;13
4001167700006;Zapf Creation 700006 - Baby Annabell Newborn Soft;2
4043946786429;Undercover BG90760 - Bakugan Rucksack mit Vortasche;6
4005556006229;Ravensburger tiptoi Die Welt der Fahrzeuge;4
3417761661048;VTech 80-166104 - 1-2-3 Tierspaß Ball;2
4012991655400;Nerchau 291201-Art Gel 100 ml;12
4007486238213;Carrera 20023821 - Digital 124 BMW M1 Procar "BASF No.80";10
5414635076227;NoName 10038026 Luftschlangen Deutschland;2
8000796012920;Simba 107114092 - Eimergarnitur Eis;2
0887961273250;Mattel DMB44 - Dinotrux Die-Cast T-Rux und Repto;3
4029059109096;Mammut 129017 - 3D Erinnerungen - Abdruckset in Metallgeschenkdose;8
5011363524565;Mattel 52456  - UNO Junior Kartenspiel;3
7296149159348;Imoji 33874 - Small Ball Shape Doll CDU;2
7312350337105;BRIO World 33710 - Mein erstes Bahn Set mit Batterielok;3
4006149730446;John 73044 - Pop Up Spielzelt Findet Dorie - ca. 75 x 75 x 90 cm - Schneller und einfacher Auf- & Abbau;3
4013594529709;goki Sealife;2
4005556267378;Ravensburger 26737 - Das Original Malefiz-Spiel Familienspiel;6
4013594058032;Goki GK803 - Schießspiel - Korkenknaller;3
4005556125531;Ravensburger 12553 - Empire State Building - 216 Teile 3D Puzzle-Bauwerke;12
4043946259510;Undercover SWTS0300 - Star Wars Teens Storm Trooper Gummizugmappe;3
4001167870013;Zapf Creation 870013 - Dolly Moda Jeanskleid;2
4012700808011;Pelikan Deckfarbe 130a blaugr;6
4002372681319;Idena 68131 - Malbuch für Erwachsene;3
4005556005239;Ravensburger 0523 - tiptoi Puzzeln;5
3417761198049;Vtech 80-119804 - Tut Tut Baby Flitzer - Feuerwehr;2
5010994895761;Hasbro European Trading B.V. B2912EU4 - Star Wars E7 Basislichtschwert;4
4013594599825;Goki 59982 - Motorik-Schleife;2
3417761128046;VTECH BABY 80-112804 - Spiel- und Lernbus;2
0082686684835;Rubie's 368483 - Stormtrooper Candy Bowl Holder;3
4005556044764;Ravensburger 04476 - Ministeps Mein allererstes Tablet;2
8714572308120;Deutschland Tribly Hut Fußball schwarz-rot-gold;12
5025123125992;Crayola 12599 - Mini Kids Jumbo Tiersticker;2
7312350337365;BRIO World 33736 - Großer Ringlokschuppen;3
3417761195543;Vtech Baby 80-119554 - Tut Tut Flitzer Bus;2
5010994914875;Hasbro Play-Doh B0307EU6 - Plätzchen Party;3
6942138900279;Bestway 44012 - Tropical Luftmatratze EU-Version;3
7312350337051;BRIO World 33705 - Mein erste Batterielok;3
3417761425046;VTech 80-142504 - Tut Tut Baby Flitzer - Kipplaster;2
4013594140911;Spardose mit Telefonzellendesign;2
5010994767082;Hasbro 76708 - Transformers Movie 4 Deluxe Attackers;5
4005556125777;Ravensburger 12577 - Leuchtturm bei Nacht;10
8003558965458;Widmann 96545 Kinderkostüm Fee;4
4005998720004;HUDORA Bouleset;3
4013594529440;Goki 52944 Mobile Sandmann;3
4010168205618;Haba 301254 - Mobile kleine Vögelchen;2
4013594566988;Memo "Mein erstes Memo";3
4006149201649;John 20164 - Light Up Saturn Hopper;6
4013594055604;Toys Pure GK560 - Wurf- und Schießspiel - Peitschenkreisel;8
4013594549547;Goki 54954 - Ziehtier Drache Saro;2
4001167870112;Zapf Creation 870112 - Dolly Moda Shirt mit Leggings;2
4005556125722;Ravensburger 12572 - Fachwerkhaus - 3D Puzzle - Bauwerke;10
4002372001629;Idena Zeichenblock A3 10 Blatt 120g/qm;3
0000042022817;Ziegelrot Matt 14Ml;14
0000042023104;Erdfarbe Matt 14Ml;14
4042448035837;tesafilm Klebeband;6
8027638681526;Giochi Preziosi 70681521 - Trash Pack Serie 5;5
5414635059411;1 Airhorn Luftdruckfunktion;2
4013594549448;Goki 54944 - Ziehtier Pferd Clahra - Susibelle Kollektion;2
4013594549554;Goki 54955 - Ziehtier Elefant Basjo;2
0746775362027;Mattel Mia and me BJR48 - Yuko;3
4013594589086;Goki Buchstabenwürfel;4
4005556006090;tiptoi® Erste Buchstaben (tiptoi® Mein Lern-Spiel-Abenteuer);4
4013594578752;Goki 57875 - Einlegepuzzle - Hände;3
0887961003260;Mattel Disney Princess CBD13 - Zauberkleid Dornröschen;3
4005556007066;Ravensburger 00706 - Tiptoi Spiel Der hungrige Zahlen-Roboter;4
4013594578738;Goki 57873 - Steckpuzzle - Bauernhof VII;3
0000042022633;Farblos Glänzend 14 Ml;14
4013594578769;Goki 57876 - Einlegepuzzle - Füße;3
5010994767631;Hasbro Super Soaker A5625E24 - Alpha Fire;6
5010994804527;Hasbro European Trading B.V. A8228EU4 - Littlest Pet Shop Sammeltierchen A;2
4012700301178;Pelikan 301176 Tintenpatronen 4001 TP/6;6
0796714270241;Lamaze Clip & Go Freddie d. Glühwürmchen | L27024;2
5011666027565;TOMY Wasserspiel für Kinder "Okto Plantschis" mehrfarbig - hochwertiges Kleinkindspielzeug - Spielzeug für die Badewanne - ab 12 Monate;2
4013594578950;Goki 57895 - Steckpuzzle - Tierstimmen Bauernhof;2
4005556222674;Ravensburger 22267 - Sau-Bande!;4
0050743638510;Little Tikes 638510GR - lil' ocean explorers - Babyspielzeug - Kati Krabbe;2
4002372005535;Idena 40104 - Kinder CD Player SING A LONG mit 2 Mikrophonen und LED Display;3
4005556233991;Ravensburger 23399 - Spiel;6
8003558886616;Prinzessinen Diadem;2
4013594576666;Goki 57666 - Einlegepuzzle - Weltkugel;6
4012700961020;Pelikan Griffix Wachsschreiber für Links-/Rechtshänder mit 3 Ersatz-Wachsschreibminen violett;4
4005556211227;Ravensburger 21122 - Mein erstes XL memory Tiere;3
4013594380348;Goki WM034 - Sortierspiel - Farben und Formen;3
4005556211234;Ravensburger 21123 - Kakerlaloop / Das lustige Aktionsspiel für die ganze Familie / Reaktionsspiel zum spielerischen Lernen;5
4002432310340;Leitz 50080095 Locher (30 Blatt;6
4005556006083;tiptoi® Die Welt der Pferde und Ponys (tiptoi® Wieso? Weshalb? Warum?;4
4977766659567;Brother LC-980BK Original Tintenpatrone schwarz (kompatibel mit: Brother DCP-145C;2
0073228106052;Cross Edge Gel-Tintenroller Rollerball blau;8
0000042022732;Gelb Matt 14Ml;3
4002372119096;Idena 250041 - Schulranzenset;5
4005556233939;Ravensburger 23393 - Lotti Karotti - Hasenrennen;4
4013368153840;Beco Schwimmhilfe Schwimmscheiben SwimDisc;2
4013594589635;Goki 58963 - Bodenspiel - Domino-Rallye;5
6942138900231;Sitz-Schwimmreifen Hydro-Force Ø 119 cm;14
0078257571222;Intex 57122NP Babypool "Royal Castle";2
8003558147908;Widmann 1479S - Netzhandschuhe;14
4002372005184;12 Blatt Glanzpapier / 12 verschiedene Farben / DIN A4;4
4011534658540;Heimess 765854 - Baby-Fit Greif- und Spieltrainer Zug;2
4002162320909;Rubies Deutschland 3 11609 T - Darth Vader Größe 92-104 (1 - 2 Jahre);3
4005556005987;tiptoi® Mein großer Weltatlas;5
4013594609241;Goki 60924 - Messlatte Arche Noah;3
8003670687658;Chicco Animal Cottage – Spielzeug Lernspielzeug;2
4013594588645;Goki 58864 - Hammerbank und Kugelbahn;2
4004943564762;Big 800056476 New Bobby Car Zündschlüssel mit Sound;2
9321104829337;Playgro 40115 Badespielzeug- Geschenkset;2
8003558870608;Widmann 8706K Dekoskelett;16
8003558128778;Widmann 12877 - Kinderkostüm Märchenprinzessin;8
8003558894420;Widmann 89442 - Kostüm Skelett;14
5010994806118;Hasbro DohVinci DohVinci A7190EU4 - Deko Styler;2
4013594519557;goki Puppenhaus-Puppen Junge Familie 51.955;3
4005556005864;tiptoi® Entdecke die Piraten (tiptoi® Wieso? Weshalb? Warum?;4
4007176129623;Bullyland 12962 - Spielfigur - Walt Disney Die Eiskönigin;2
4005556131808;Ravensburger 13180 - Die Eiskönigin - Völlig unverfroren;9
8005125149070;Baby Dino Soft and Go;3
4007953195018;Scout Brustgurt Orange;3
4007176129616;Bullyland 12961 - Spielfigur - Walt Disney Die Eiskönigin;3
8059147059633;Chicco Sternenhimmelprojektor;2
5010994772543;Hasbro 14A6925 - Nerf Rebelle Mini Blaster;6
4013594390040;Small Foot Company 2092 - Watschel-Ente;3
4009835480472;Goldbuch Gästebuch mit Lesezeichen;3
3417761138045;VTECH BABY 80-113804 - Winnie Puuh Erster Laptop;2
4009775451846;Amscan – 450290 – 6 Luftballons Latex Biene Maja 23 cm/9 ";3
8003558615506;Widmann 6155N - Hexenperücke Samantha;14
4001167821206;BABY born® for babies Mobile;3
6943478002654;Hape E0418 - Fantasiebausteine Schloss;3
4007176129609;Bullyland 12960 - Spielfigur - Walt Disney Die Eiskönigin;2
4007176129654;Bullyland 12965 - Spielfigur - Walt Disney Die Eiskönigin;3
6943478002609;Hape E0413 - Stapelpyramide;3
0078257571734;Intex Kinderpool Frame Pool Mini;3
4050003929187;Näh-Set: Filzanhänger Pferd;8
0043859679904;Fellowes Saturn 3i A4 Laminiergerät für 80-125 Micron Folien;2
6943478002531;Hape E0406 - Regenbogen Steckspiel;2
8009233278837;Multiprint 27883 - Stempelset Disney Die Eiskönigin;3
6943478003644;Hape E1301 - Knopfpuzzle Mein Spielzeug;2
6943478003637;Hape E1300 - Knopfpuzzle Meine Haustiere;2
8009233268234;Multiprint 26823 - Stempelset Disney Cars;3
4005998149386;HUDORA Street Dragon;3
4010070332341;House of Mouse 8849 - Bunny Mama Plüsch;3
8005125143955;Clementoni 14395.5 Sortier-Bus mit 9 bunten Formen;3
4005556100156;Ravensburger 100156 - Drachenzähmen leicht gemacht;7
6943478008816;Hape E0349 - Nachziehschnecke;2
4005556044696;Ravensburger 04469 - Musikalischer Softwürfel;2
5010994767655;Hasbro Super Soaker A5832E24 - Scatter Blast;6
5010993415052;Hasbro Nerf C1895EU6 - AccuStrike Raptorstrike;8
4050003929194;Näh-Set: Filzanhänger Eule;8
4012700921024;Pelikan 921023 - Füllhalter Pelikano Junior A blau;6
4010070348458;Album Ausmalen Topmodel mangamodel groß Nadja;3
8003558193608;Widmann 1936B - Kinderkostümset Schmetterling;3
8003558585489;Widmann 58548 - Kinderkostüm Pirat exklusiv;11
4002372100902;Deutschlandfahne ca. 60x90 cm - Idena (SPW);4
3417765005046;VTech Baby 80-500504 - Tut Baby Flitzer - Press & Go Kipplaster;2
4008110380643;Herlitz 10999779 Schulfüllhalter (inkl. Patrone) lemon/blau;6
6943478002333;Hape E0304 - Kleiner Tamburinspieler;2
8003558600205;Widmann 6002C - Teufelsperücke Unisex;14
4010070324995;TOPModel 6420 - Fantasy Model Federtasche DeLuxe;6
4010070187231;TopModel. Estudio de Diseño;6
4002372302139;Idena  8230213 - Erwachsenenkostüm Pirat Lady Größe M;14
4002372161866;Idena 516186 - Fineliner 4 Stück;5
4002372005641;Idena 634140 Klebestift;5
4002372140021;My Sweet Home 801402N - Waschmaschine mit Licht und Sound;3
4002372200510;Idena 520051 Anspitzer Metall;5
8003558486106;Meerjungfrau Kostüm für Kleinkinder 80/92 (1-2 Jahre);2
4012700940957;Pelikan 940957 - Schulfüller Pelikano Junior P67 blau/rot für Rechtshänder mit A-Feder und blauer Tintenpatrone;6
4006381375870;STABILO EASYergo 3.15 links pink - ergonomischer Druckbleistift (HB) mit Spitzer;3
8003558627905;Widmann 6279S - Hexenperücke Kinder;3
4006381132503;Premium-Filzstift - STABILO Pen 68 - 6er Pack - 6 Neonfarben;6
8003558470709;Widmann 4707R - Strumpfhose Spinnen und Spinnennetzdekor;14
0026635279840;Amscan 26/66 x 34/86 cm Nummer 4 Super Shape Folienballon;8
4002372003425;Stylex 40057 Schulblock A4 mit 50 Blatt kariert;4
8003558895533;Widmann 89553 - Kostüm Hexe;14
8000796012203;Androni 7259644 - Dampfer 39 cm mit Pfeife;2
4012991655561;Nerchau 291234-Art Gel 100 ml;12
8001011166176;Kolo do plywania Gdzie jest Dory;2
6943478003651;Hape E1302 - Knopfpuzzle Im Zoo;2
0026635279864;Amscan 23/58 x 35/88 cm Nr. 6 super Shape Folienballon;8
4977766654203;Brother Original Tonerkassette TN-2120 schwarz (für Brother HL-2140;2
0834282000300;Oball Rollin’ Rainstick 81030;3
4050003928654;Freundebuch - Meine Freunde - Fußballfreunde;6
4007176128282;Bullyland 12828 - Spielfigur - Walt Disney Merida - Angus;2
4012700808141;Pelikan Deckfarbe 108a kobaltblau;6
8000796044006;Simba 107124116 - Kunststoff-Schaufel;2
8000796044105;Simba 107124097 - Kunststoff-Schaufel;2
4009847084293;Theo Klein - Bosch 8429 - Tool Box;3
4010168051895;HABA 5189 Greifling Quakefrosch;2
4004943013031;BIG 800001303 - Bobby-Car-Classic;2
4002051693411;Catan - Entdecker & Piraten;10
4010168219073;HABA 301959 Buggy-Spielfigur Clown;2
0050743638534;Little Tikes 638534GR - lil' ocean explorers - Babyspielzeug - Henri Hummer;2
4028279803036;24 Adventsboxen zum Befüllen;3
8714574523309;Canon PG-510 Tintenpatrone 9ml;2
0000042022800;Karminrot Matt 14Ml;3
8003558749669;Widmann 74966 - Prinzessin Kinderperücke;3
6943478011571;Hape E0434 - Tierische Action-Box;2
4010070313623;House of Mouse Ballett Maus Plüsch;3
5413538709621;Simba 6315870962 - Disney Winnie The Puuh Plüsch Bär mit Schlummerlicht 28cm;2
8000796613356;Simba Toys  107110089 - Piraten Eimergarnitur;14
4012700622419;Pelikan 198/9B - Creaplast  Knete 9 verschiedene Farben in Kunststoffbox;3
0673534514604;Mash'ems TK51460.8500 - Paw Patrol Figur;3
3417762140498;VTech 80-214049 - Storio 3S Schutzhülle;2
4006381398930;Spitzer Rechtshänder rot;6
8001011166169;MONDO 16616 – Schwimmflügel Dory;3
4013594150521;Goki 15052 - Dekoration - Geburtstagskerzen-Set für Artikel 60993;2
4007464009217;Tanner 0921.7 - Frühstücks Set aus Holz;3
4005556106158;Ravensburger 10615 - Brisantes Rennen;6
4010070227197;Fantasy Model  stickerboek;6
4006381119429;Spitzer - STABILO woody 3 in 1 Spitzer - für extradicke Stifte - rot/grün;4
5414932076029;Glitza Tribal Small Card - Trends2Com;3
4250258309813;Musik für Kleine 981 - Grosse Trommel;3
7312350333442;BRIO World 33344 - Mechanisches Weichenpaar;3
4009775446347;Riethmüller Star Wars Partybecher (552322);3
3417761112045;VTECH BABY 80-111204 - Bunter Lernkäfer;2
0883028478668;Rubies 3 884786 M - Frankie Stein Kind Kostüm;3
6942138917901;Bestway Blasebalg Air Step;3
8000796034052;Simba 107108605 - Sandformen Eis;3
5010994810078;Hasbro A6762EU4 - Nerf Rebelle Starlight;8
6943478002548;Hape E0407 - Sortier-Box;2
4004510904588;Hermann Teddy Collection 904588 - Plüsch-Löwin;2
0000042021841;Patinagrün Seidenmatt 14Ml;3
4033477307767;Moses 30776 - Kleine Stempelbox Waldtiere;3
0028178220891;Hama 220 B.Platt Eck Kl;5
4009775460442;Schaurige Servietten Skulls Halloween Party-Deko 20 Stück bunt 33x33cm Einheitsgröße;2
4010168210346;HABA Magnetische Halteschlaufe | 300343;2
4002372310899;Idena 31089 - Geburtstagszug;2
4005998231845;HUDORA Kinder-Roller Joey 3.0 weiß/grün;3
4010168208909;HABA 301556 - Greifling Regenbogenkreisel;2
4008110518503;Herlitz 11410701 Faulenzer be.bag beatBox;3
6943478008977;Hape E3133 Eis-Leckereien;3
4007176124536;Bullyland 12453 - Spielfigur - Walt Disney Aladdin - Jasmin;3
0013051565756;Die Eiskönigin Laterne aus Papier sortierte Modelle Motiv nicht auswählbar;6
4006592916671;Simba 109301667 - Mascha und der Bär Plüschbär 38cm;2
5011386106465;Daler Rowney 111 tlg. komplett Malset & Zeichenset XXL mit Staffelei;2
0000042027560;Schwarzgrün Matt 14Ml;3
0000042027584;Afrikabraun Matt 14Ml;14
4010168207896;HABA Taschenlampen-Projektor 301426;3
0000042022916;Lichtgrün Matt 14Ml;3
8003558540105;Spinnennetz Netz mt 3 Spinnen Spider Halloween Deko Dekoration Spinnweben Gothic;16
4005556136414;Ravensburger 13641 - Disneys Frozen - Elsas Schneeflocke;5
0026635282871;Amscan 21/53 x 34/86 cm Nummer 5 Super Shape Folienballon;8
4005556088829;Ravensburger 08882 - Welt der Pferde;4
0013051515164;Geburtstagsbanner Girlande Minons Ich einfach unverbesserlich Happy Birthday Schriftzug;2
4012991655783;Nerchau 291260-Art Gel 100 ml;12
4010070320393;Monster Cars 6523 - 3-fach Federtasche LED Funktion;5
4010070310110;TOPModel 8055 - Schulrucksack;6
4001738060447;Busch Campingplatz-Set H0 6044;14
0013051515218;4 Mini-Kerzen * MINIONS - ICH EINFACH UNVERBESSERLICH * für den Kindergeburtstag // Kinder Geburtstag;3
5054131052099;Sylvanian Families 5209 - Zelten am Strand;3
0884962780626;HP 56 Tintenpatrone für Tintenstrahldrucker (schwarz;2
4007176128404;Bullyland 12840 - Spielfigur - Walt Disney Tinkerbell - Winterfee;3
4002372020170;Idena 602017 - Lineal aus Holz;6
4002372251277;Idena Heftbox A5 rot;3
4010070231972;Depesche 7937 TOPModel DANCE Malbuch mit Sticker Top Model Hayden Nyela Christy;6
4004764007974;Edding 3000-02 rot Permanentmarker;6
4047443250421;Step by Step Schultüte ADAC;3
4010070303464;Depesche 8722 Top Model Friends 3 fach Federtasche;6
4001949009556;Heless 955 T-Shirt für Puppen Gr.35-45cm - 1 Shirt;3.0833333333333335
5054131052105;Sylvanian Families 5210 - Abenteuerschiff Schatzsuche;3
4010070313357;TOPModel 8424 - 3-fach Federtasche;6
7312350335989;BRIO World 33598 - Frachtschiff mit Kran;3
4010070321666;Miss Melody 6361 - Schlamper;5
7312350332803;BRIO World 33280 - Frachtverladestation;3
4002372371777;Idena 337177 - Geldkassette;3
8005125140992;Clementoni weichen Autos;6
0026635282482;Folienballon Farbe Gold in Form einer 3;8
4008332199122;Happy People 19912 - Scout;3
5010994848057;Hasbro Nerf A9314EU4 - N-Strike Elite MEGA BigShock;8
4001167823682;Zapf Creation 823682 - Baby born Pony Farm Deluxe Outfit;3
6943478002562;Bunte Holzbausteine 50tlg;3
4002372002084;Idena 602201 Geo-Set;4
8710126174289;Jumbo 17428 - Disney Frozen - Bodenpuzzle aus Schaumstoff;3
4007176129326;Bullyland 12932 - Spielfigur - Walt Disney Sofia die Erste - Kalle;2
4007486307681;Carrera 20030768 - Digital 132 Mercedes-AMG GT3 "No.2";8
4006190001045;000104 - Wiking - Setzkasten für PKW & LKW;14
4001205600206;Knicklicht mit Band 1 Stück;2
4006592437947;ABC Beißring;2
0000040151601;Pritt Klebestift;6
0026635279895;Folienballon Farbe Silber in Form einer 9;8
4002129103040;Pfiffikus von Kuenen 10304 - Lupendose oval zum Umhängen;3
4902505375132;Pilot Frixion Light - Highlighter;4
4260409635975;Mein Tagebuch: Sortiment mit 3 Farben;12
4003359461726;Everts 46172 - 1 Riesenherz uni mit Spezialverschluß 170 cm im Beutel;3
0078257588909;Intex Lounge 18-Pocket Fashion;3
8058150656099;Legler Star Wars Kuscheltier Ewok zum Spielen und Sammeln;3
4002051692230;Kosmos 692230 - Norderwind;10
4008113320301;Hefte A5/16 Lin.03 FSC Mixed;4
4012700808134;Pelikan 808139 - Ersatzfarben für 735K;6
7312350304282;BRIO 30428 - Roter Kran mit Ladung;3
8009233098961;Multiprint Despicable Me 2 Stempel: Haus;3
5010994767570;Hasbro A4841E24 - Super Soaker Hydro Storm;6
0887961266627;Fisher Price DLT00 Lerntöpfchen und Fußbank;2
4009207223010;Baumkerzen 20er natur;5
7312350338119;BRIO World 33811 - Feuerwehr Leiterfahrzeug mit Licht und Sound;3
4012700960771;Griffix Bleistift Pink;3
4010070337209;Depesche 8578 - Magic Scratch Buch Topmodel;6
6943478002647;Hape E0417 - Fantasiebausteine Eisenbahn;3
4012700061263;Pelikan 61267 - Fixier-Spray 300ml;6
4043946266686;Undercover CAGR3100 - Schreibtischunterlage;3
0610934140873;DAKINE Damen Women'S School Case Federmäppchen;3
7312350337273;BRIO World 33727 - Mein Erstes BRIO World Bahn Spiel Set;14
4043946235101;Undercover SW12991 - Scooli Sportflasche Star Wars;3
4050003928593;Freundebuch - Meine Freunde (Tabaluga);6
4012991016461;Nerchau 140400-Stoffmalstifte 4-er Set;6
8003558048786;Widmann 04878 Skelett;16
4007486303638;Stadlbauer 20030363 - Zubehör: Spurwechselkurve links;8
0035051542353;MGA Entertainment 542353GR - Num Noms Art Cart;3
0026635282581;Amscan 22/55 x 35/88 cm Nummer 8 Super Shape Folienballon;8
0000042022671;Schwarz Glänzend 14Ml;14
4008705074704;Herma 7470 Heftumschlag DIN A5;6
0000042023142;Eisen Metallic 14Ml;14
4012991017161;Nerchau 1048887 Malfertige Deckfarben / Schulmalfarben;6
4012991655462;Nerchau 291217-Art Gel 100 ml;12
4010070314002;Dino World 5140 - Handpuppe;4
4005556105199;Ravensburger 10519 - Bunte Deutschlandkarte;6
4007176128435;Bullyland 12843 - Spielfigur - Walt Disney Dornröschen - Aurora;3
4009847096128;Theo Klein 9612 - Euro Kindergeld mit Kopfkarte Münzen;3
8003558603206;Générique pe187 – Perücke Hexe grau – Einheitsgröße;2
4002051620479;KOSMOS 620479 - Hydraulik-Arm;10
4047443322135;Step by Step Touch Schultüte Blink Star blink star;6
0026635282901;NEU Folienballon Große Zahl 6 pink;3
5411313912228;Dymo LetraTag Etikettiergeräte (12 mm;2
8058150656082;Joy Toy 5593 - Star Wars Kuscheltier Chewbacca;2
4002051676919;KOSMOS 676919 - Mein Kosmos Fernrohr;8
8003558538102;Set fluoreszierende Spinnen 42;2
0887961310917;Mattel Monster High DNX65 - Fledermaus Draculaura;6
7312350313505;Brio 31350 - Lauflernwagen rot-gelb;2
6942138917864;Bestway Ruder;3
8003558075652;Widmann 07565 Kinder Kostüm "Einhorn";4
4008110515564;Herlitz 11410586 Soft Case be.bag cube;3
6943478002487;Hape E0401 - Stapel Jack;2
4043946263067;Scooli MNVA0430 - Doppeldecker Schüleretui mit Stabilo Markenfüllung;6
4015000400565;Pritt Refill Roller 8;3
4002372002954;Idena 40001 - Feuerwehrauto mit Licht;3
8003558127504;LIBROLANDIA 1275Q PRINCIPESSA;2
4005998889220;HUDORA 71005 - Springseil mit Holzgriffen;3
4009775446446;Star Wars Partyzubehör - Servietten (20 Stück);3
4010070321321;Trend 5695 - SNUKIS Plüsch;4
0000042022954;REVELL 32161 - Email Color;14
8003558284603;Widmann 2846R - Hexenset mit Hut;14
4000798840402;Hobby Line 840400 - Zaponlack Spraydose 400 ml;6
4010070225209;Depesche 7910 TOPModel Buntstifteset 6 Trendfarben Buntstifte;3
4044645518229;ESU 51822 SwitchPilot Servo;14
4000798746209;Hobby Line 74620 - Plakatfarben Basis- Set 6 x 20 ml;6
4005556005000;Ravensburger 00500 - tiptoi®: Der Stift;4
4010070273880;Depesche 5986 - Top Model Schulfüllhalter;5
4006942749706;Darda 50374 - Darda Auto Mercedes Benz SLS AMG rot;4
8003558486304;Kinderkostüm Fee blau Gr. 98;3
4002372296339;Idena 4229633 - Berlin Doppeldecker;3
4027177215231;Pilot 2260BM2I Aktionspack Inhalt: 1 Frixion Ball schwarz + 1 Frixion Ball blau + 1 Frixion Mine GRATIS;4
4002920484058;Turk Künstliche Schnee-Erzeuger Kunststoff Schnee Schaufel;3
8003558247509;Widmann 2475K Sheriffhut;7
4018501045648;New Sports elektronisches Dartboard;12
4008705190657;Herma 19065 Sammelmappe DIN A3 Kunststoff;2
4000908004908;Sohni-Wicke 0490 - Dakota Spielzeug-Gewehr mit Zielrohr;3
4002372351076;Idena 350107 - Schreibunterlage Pferd;6
4002372299019;Idena 4329901 - 6 Zootiere im Beutel;3
4005556204335;Ravensburger 20433 - Lotti Karotti Quartett Kinderkarten;3
4008705013833;Herma 1383 Transparol Fotoecken selbstklebend (20 mm;6
0000042021827;Lederbraun Matt 14Ml;3
4012991643445;Lukas-Nerchau 333901 - Dekoracryl  Staffeleiset;3
0000042023159;Messing Mettalic 14 Ml;8
0000042022794;Hautfarbe Matt 14Ml;14
4002372866051;Cife 86605 - Tagebuch mit Zubehör;3
4026602386270;Kibri 38627 - H0 6 Container Gebäude;14
0000042023180;Bronze Metallic 14Ml;3
4010070308575;Dino World 5135 - Freundebuch;4
4001883743806;Lichtvorsignal;3
0082686529143;Rubie's 352914 - Viperine Gorgon Child Wig;3
4006050115042;Heft A5-16 Lin 4 liniert ein Stück;3
8886457611080;BOTI EUROPE CUPCAKE MINI SURPRIS;2
4010168204277;Haba 301208 - Spardose Elefant;3
4005556183319;Ravensburger 18331 - 3D-Perlentier Krokodil;6
4003046020274;Eichhorn 100002027 - Holz Rollbahn inklusive 6 Rollelementen;2
4006592418793;Simba Play & Learn 104011879 - Simba Baby Play and Learn - My first Piano;2
8003558007356;Gretel Perücke mit Zöpfen schwarz Perrücke;14
0000042022770;Feuerrot Glänzend 14Ml;3
8714572209809;Mini Hütchen Oktoberfest;3
4010070320324;Monster Cars 6521 - 3-fach Federtasche Karo;5
4002372100865;Idena 60008 - Keilrahmen;3
8003558039005;MINI COWBOY HAT white & pink asstd;3
4010070205546;Depesche 7845 - TopModel Einladungskarten;3
4001883702315;Märklin 70231 - Fahrdraht-ausgleichsst. Inhalt 5 Stück;10
4002372298371;Idena 7429837 - Tischtennis Turnierset;6
4260286398987;Taschenkalender mit Klappe A6 2017: Have a nice Day;10
4008113321902;Herlitz Schulheft DIN A4 16 Blatt / Lineatur 07 (kariert;4
4010070322786;Ylvi & die Minimoonis 5380 - Federtasche Deluxe mit LED;5
4012700940902;Pelikano Junior P67 A Gelb;6
4000225024610;Schulordner A5 2-Rg 25mm rot PP-Leinenstruktur;4
8003558782703;Widmann 7827H - Deko Totenkopf Laterne mit Wechsellicht;6
4002372740146;Idena 7400014 Boccia mit 8 Kugeln;3
8003558742103;Widmann 7421L - Kostüm Seppl;14
8003558154609;Widmann 1546S - Weihnachtsmannkostüm Luxus;14
8003558127405;LIBROLANDIA 1274P PRINCIPESSA;2
4009803066868;Revell 06686 - Easykit Steckbausatz - TIE Fighter;3
4010070323264;TOPModel 6447 - Schlamper Rucksackform;6
4002372001834;IDENA Vokabelheft A6;6
4002051692186;Kosmos 692186 - Einfach Genial Jubiläums-Sonderausgabe;8
8003558129973;Widmann 12997 - Kinderkostüm Traumfee;8
4005556045013;Ravensburger ministeps 04501 - Fühl und Knister Boot;2
4010070323684;TOPModel 8097 - Create your Glamour Special Malbuch;6
4005556282685;Ravensburger Malen nach Zahlen 28345- Freches Kätzchen;9
8003558229109;- HEXENNASE -;3
8003558698608;Widmann 6986C Indianerwaffe;8
8003558013852;Widmann 01385 Zombieskelett;16
5413538736603;DISNEY FROZEN OLAF KNUFFEL 20 cm;2
4010070320058;TOPModel 2080 - Maniküreset;6
4006333044106;Dickie RC Toxic Flash;14
4008110360300;Herlitz 10943488 Tintenroller my.pen orange/rot;6
4026602422893;Vollmer 42289 Pferde;14
4009847043146;Theo Klein 4314 "Rescue backpack" Rettungs-Rucksack;3
4006381375894;STABILO EASYergo 3.15 rechts pink - ergonomischer Druckbleistift (HB) mit Spitzer;3
8003558689675;Widmann 68967 - Kinderkostüm Traumprinzessin;8
3028760450276;Joustra 1745027 - Kreativkoffer Gelkerzen;8
4010070308513;Horses Dreams 4422 - Tagebuch mit Code und Sound Motiv 1;5
4002372001308;Idena - Hausaufgabenheft A5;6
8712079307578;van Gogh Acrylfarben Basis Malkasten - incl. Acrylfarben ;7
8593539001966;Koh-I-Noor - Aquarellstifte Box 36er in der Faltschachtel;3
4002372214234;Idena 621423 - Fasermaler Jumbo;5
0000042023289;Beige Seidenmatt 14Ml;8
7312350334814;Brio 33481 - Magischer Tunnel;3
4010070308056;7Skills Rucksack - pink;4
4810344037831;Wader 37831 - Garage No. 1 mit 3 Autos und 1.75 m;3
4005556106264;Ravensburger 10626 - Yakari hat Spaß;6
4001868033267;Folia 800/2020 - Bastelset Bascetta Stern;10
4012390382174;Nici 38217 - Elefant Ethon Schlenker;2
4001738054163;Busch 5416 - Drei rot leuchtende Weihnachtssterne;14
4042448030702;tesa Handabroller mit doppelseitigem Klebefilm für Photos;6
8714572205566;1 Blumenkette * OKTOBERFEST * mit Blumen in blau und weiß // mit Herzen und Bierkrügen // Wiesn Hawaii Kranz;3
4010070271107;Miss Melody 8465 - Buch mit Stickern;5
4005556005581;Ravensburger 00558 - tiptoi Interaktiver Globus;7
8714572090780;Girlande It's a Boy 2 m lang Geburt Taufe Grußkette;12
8003558272709;Ninja Schwert;3
4002372000615;Idena 215021 - Kopierpapier DIN A3;6
4002162152883;Rubie's 1 2743 140 - Ritter Kostüm;6
0883028491469;Elissabat Monster High Kostüm für Kinder;3
8003558867103;Widmann - Halloween - Flügel;14
4028279702117;Roth Schultüte Ritter und Drache Zuckertüte Schulanfang Einschulung Schule: Größe: 70 cm mit Folie;5
4010070193676;TOP Model 5 Haarbandset;3
4002372568047;Idena 568024 - Whiteboard;3
8003558129966;Widmann 12996 - Kinderkostüm Traumfee;5
4010070323066;Ylvi & die Minimoonis 6473 - Minimoomis Plüschtier Cooco;5
8003558002474;Widmann 00247 - Kinderkostüm Hexe;8
8003558274406;Bunny Costume Child Jumpsuit W/Headpiece;2
8003558003501;Widmann vd-wdm00350 Maske ohne Kinnschutz Herr der Tod;3
7610877315836;GLOREX Ersatzstäbe für Heissklebepistole 'Mini';14
4047443247650;Step by Step Schultüte Top Soccer;3
4002051698201;Kosmos 698201 - Zauberschule Magic - Junior Edition;8
4005556139286;Ravensburger 13928 - Die schönsten Einhörner;6
4032722935984;Trendhaus trendhaus935984 Happy Birthday Nr. 6 Kerze;3
8003558381463;Widmann 38146 - Kinderkostüm Cheerleader;5
9003150868095;Schildkröt 6505432302 - Oma's Liebling;3
4260278552106;Craze 52106 - Adventskalender Star Wars;3
4012991643476;Lukas-Nerchau 66200000 - Studio Ölset;3
6943478007369;Hape E5004 - Meine kleine Welt - Onkel Tom's Traktor;3
4010070349745;Depesche 8789 Loopschal TOPModel;6
4000908004410;Sohni-Wicke 441 - GSG 9 12 Schuss Colt;3
8003558129805;Children's Fantasy Fairy Costume Infant 3 4 yrs 110cm for Fairytale Fancy Dress Costume;2
8003558025077;WIDMANN S.R.L.;3
4012473998001;HAN 998-603;8
4013285425129;Auhagen 42512.0 - Hintergrund Verlängerung Wolkenstein/Erzgebirge;14
4009847095596;Theo Klein 9559 Frühstücksset BOSCH silberfarben;3
4005556060153;Ravensburger 06015 - Maschinen auf dem Feld;3
4008705074124;Herma 7412 Heftumschlag DIN A5 quer;6
4028279885537;R0TH Zeugnismappe Einhorn mit Fohlen DINA4 Schule 10 PP Hüllen Zeugnishülle;3
4015259205584;Feuchtmann 0558 - Stecki Stecksteine Original - Big Box;3
0026635282819;Zahl 3 Pink Foil Balloon 21x35" (53x88cm) im Lieferumfang enthalten;3
4010070331177;Monster Cars Blech Spartruhe;5
8003558731367;Widmann 73136 - Kinderkostüm Top Gun;5
4010070323400;TOPModel 8061 - Create your Fantasy Friend Malbuch mit Rubbelbildern;6
4005998231449;HUDORA LED Lampe - Fahrrad-Licht LED - Farbe nicht wählbar - 85060;3
4001648697801;Pustefix 420869780 - Bubble-Dampfer;4
4008332193922;Happy People 19392 Becherlupe;6
4010070239121;Depesche 6659 - Malbuch Create your Top Model Doggy;6
4005556265435;Ravensburger 26543 – Das Elektronik Labyrinth;8
4001738010596;Busch 1059 - Weihnachtsmarkt;14
0026635316040;Amscan 3160401 - Folienballon Schultüte;6
4005556232987;Ravensburger 23298 - Fits - Mitbringspiel;8
4007832018001;Schrödel 6001800 - Maverick;3
8003558895601;Widmann 8956W - Kostüm Hexe;14
0048419712527;Amscan Geburtstags-Servietten 70 Jahre;3
8003558041800;Widmann 0418O - Fedora Hut mit viereckigen Pailletten;14
4043946266082;Undercover MNVA3100 - Schreibtischunterlage;3
8003558025060;WIDMANN S.R.L.;8
4018501042166;Lustige Fahrschule Spielmaus;2
4009847068415;Miele Staubsauger 2+ - Bunt (Spielzeug);3
8003558129706;Children's Fantasy Fairy Costume Baby 1 to 2 yrs 98cm for Fairytale Fancy Dress;2
4009775460343;Party-Becher: Pappbecher;8
4012991634320;Nerchau 362304 Hobby Acrylfarben matt 59 ml Orange;2
4002372003418;IDENA SCHULBLOCK A4;4
4002372000202;Idena 5002- Digitale Spardose Geldautomat mit Sound;3
9783941410602;Disney Cars 2 Freundebuch;6
4002920326266;Turk 32626 Schaufel;3
4001883242309;Märklin H0 C-Gleis gebogen 30°;8
0746775353025;Mattel Disney Planes BJD43 - Sprechender Action-Flieger Dusty;3
8003558026524;Widmann 02652 - Kostüm Hexe;14
4042448103956;tesa Powerstrips Strips SMALL für max. 1kg;6
8003558026272;Piratenkostüm für Kinder Gr. M = 134 - 140;8
8003558027224;Widmann 02722 - Kostüm Cowboy;14
8000796340863;Simba 107101668 - Baby-Gießer Glitter;2
4005544140447;Bieco 02014044 - Musikmobile Bubu mit Melodie "Guten Abend Gute Nacht";2
8003558400904;HALLOWEEN MAKEUP SET W/ACC CHILD FOR FANCY DRESS ACCESSORY;4
8003558042906;Widmann 0429T - Fedora Hut mit viereckigen Pailletten;14
4002372101763;Idena 60007 - Keilrahmen;3
4002372320713;Idena 632071 - Tischabroller;8
4002051640118;Kosmos 640118 - Chemielabor C 1000;10
4006144582101;Oxford Schreiblernheft;6
4002372000240;Idena 411036 - Partyteller;2
8003558745913;Widmann 74591 - Kinderperücke Teufel mit Hörner;3
4043946233435;Undercover CA12825 - Scooli Schulranzen Set Campus;5
4010878152073;Friedrich Lederwaren 50066-5 - Schulranzenset;6
4008110380681;Herlitz 10999811 Schulfüllhalter (inkl. Patrone) minze/lila;6
5010994920463;Hasbro B3675EU4 - Star Wars E7 Class I Deluxe Fahrzeug;4
8003558894413;Widmann 89441 - Kostüm Skelett;14
4002372325695;Idena 8325069 - LED Lichternetz mit Timerfunktion;2
4002372000417;Idena 300041 - Kartonschnellhefter in A4;4
4010070284572;TOPModel 8404 - Trendrucksack;6
4004764007981;Edding 4-3000003 Permanentmarker;6
0883028478767;Rubie's 3 884787 M - Draculaura Kind Kostüm;3
4010070200848;TopModel 6683 - Glittergelstifteset;6
4002372701055;Idena 8270105 - Piraten Geschenktüten;3
0000042022749;Sand Matt 14Ml;14
8003558064847;PERÜCKE SPINNE Damen Grün;3
4002372060442;Idena 606044 - Geozirkel mit 2 Gelenke im Etui;6
8003558989416;WIDMANN S.R.L.;3
4010070349646;Depesche 6388 Loopschal Topmodel;6
4902505399244;PILOT Tintenroller FRIXION POINT;6
8003558402700;Widmann 4027B - Blutspray;14
4000908002485;Schrödel 8030248 Spielzeug-Munition für 12-Schuss Spielzeugpistolen;6
8003558538201;Idena 5382 50 Mini Spinnen;3
8003558061181;Sexy Lola weiß Pagen Perücke;3
4012991017154;Nerchau 109813 - Schulmalfarbe;6
8003558413300;Hexennase in Theaterqualität aus Latex;14
8003558408801;Narben Tattoos Halloween Make Up rot Einheitsgröße;2
4000798498900;Hobby Line 49890 - PicTixx Pluster und Liner Pen 4er Set;6
4006381353175;STABILO EASYoriginal rechts limone/grün inkl. 3 Refills - ergonomischer Tintenroller;5
5413538716971;Simba 6315871697 Lion Guard;14
4006381111683;Premium-Filzstift - STABILO Pen 68 - 6er Pack - mit 6 verschiedenen Farben;3
4010070243425;Depesche 7979 - Fantasy Model mit Schloss Tagebuch;6
0082686528146;Rubie's 352814 - Howleen 13 Wishes Kinderperücke;3
4002051692377;Kosmos 692377 - 7 Steps;8
4010070349721;Depesche 6396 Loopschal TOPModel;6
4002372602079;Lineal Superflex 30 cm - Idena;6
4009803363745;Revell Aqua Color 36374 - Revell - Aqua Color - Aqua Color grau;10
4009775460244;Riethmüller GmbH Partyteller - Skull Party;8
4002372400897;Idena 40085 - Pylonen;3
4047443099211;Sammies Premium Schulranzen Set 5 tlg. - Green Mamba;6
0082686528122;Rubie's 352812 - Skelita Calaveras Kinderperücke;2
4010070232153;TOPModel Spielkarten Quartett Jenny;6
4002372070076;Idena 307007 - Schnellhefter A4;6
4047443321619;Step by Step Schultüte Popstar;6
4028279803005;Weihnachtshaus: zum Befüllen;3
4006942774005;Bolz 52543 - Brummkreisel Meerestiere 13 cm;3
4010070333805;Depesche 5376 - Malbuch Create your Zoo mit Stickern;4
4000908004465;Sohni-Wicke 446 - Denver 12 Schuss Agent;3
5414635060974;Leuchtstab;12
4007486301610;Carrera 20030161 - Digital 132 GT Power AGE 8+;8
4000798961039;Home Design 96103 - Facettenlack;3
9783788615994;WAS IST WAS Junior Band 9. Polizei: Wie ermittelt die Kripo? Welche Spuren führen zum Täter?;5
4005329083150;HEYDA Lichterkette;12
0886974400127;001/Panik im Paradies;6
4012991655707;Nerchau 291248-Art Gel 100 ml;12
4005556148509;Ravensburger 14850 - Funkelndes Einhorn;10
0000042018803;Revell 39604 - Plastikkleber: Contact Professional 25 g;3
4009803390055;39005 - Revell Airbrush - Airbrush Clean 500 ml;14
4012700621917;Radierer Griffix farbig sortiert (Bk);6
7312350331677;BRIO Bahn Minen Set mit Batterielok [Spielzeug];3
3501170676585;rOtring COMPACT Schnellverstellzirkel;8
0028178207618;DAN Import 207-61 - Hama Perlen gold;5
4002372280079;Idena 628006 - Fingermalfarben 4 Dosen 100 ml;3
4006381186544;Fineliner - STABILO point 88 - 25er Pack - mit 25 verschiedenen Farben;6
4002372768126;Idena 68126 - Malbuch für Erwachsene;3
4006381366076;STABILO GREENcolors;2
8003558026531;Widmann 02653 - Kostüm Hexe;14
9783957740083;Mein kunterbuntes Märchenbuch;3
4012991000446;Nerchau 1048890 Temperafarbe / Schulmalfarbe (19 ml) 6 Farben;6
0000042023098;Khakibraun Matt 14Ml;3
5707307500022;BestSaller Wikinger Schutzschild;5
4008332193168;Happy People 19316 - Scout Kindertaschenmesser;8
4104090005412;FALLER 120541 - Stahlträgerbrücke;14
4042677700766;Ass Altenburger 70076 - Kartenspiel Romme Senioren;10
4014519217336;LAMY Füller AL-star Mod.029blackpurple (1221733) Lamy GmbH;8
4044645546406;ESU 54640 LokPilot XL V4.0 mit Schraubklemmen;14
4013594051064;Toys pure - Geburtstagszug Lok mit 7 Anhängern;2
4008332780535;Happy People Alu-Isoliermatte "single";6
4010070321659;Miss Melody 6360 - 3-fach Federtasche;5
4001883818412;Märklin 81841 - Startset Weihnachtsmarkt;6
4008110220888;Herlitz 10507804 Ordner A4 S80 Donuts;6
4010070320577;Depesche 8893 - Buntstifte - House of Mouse;3
4009847084309;Theo Klein 8430 - Bosch Kettensäge;3
4010168072913;Haba 7291 Schmuckhaus Prinzessin rosarot;3
4042448105011;tesa selbstklebender Haken;6
4001883438047;Märklin 43804 - Mintling;15
4002372223748;Idena - Sammelmappe A3 sortiert (SCHW);4
0027084086263;Mattel Matchbox C0859 Fahrzeuge 1-75;3
9783440101698;Sternenschweif;8
4010070322854;TOPModel 8093 - Freundebuch Motiv 1;6
4013285144792;Auhagen 14479.0 - Stadthaus Ringstraße 5;14
4001167822074;Zapf Creation 822074 - Baby Born Body Kollektion;3
4010070343781;Depesche 4465 - Stickerbuch Pocket;6
4010070314279;TOPModel 7763 - Schlamper Rund;6
4006381401029;Umweltfreundlicher Dreikant-Buntstift - STABILO GREENtrio - 12er Pack - mit 12 verschiedenen Farben;3
4001949000096;Heless 9 - Baby Lili;3
4002372005214;Transparentpapier A5;4
0000042023043;Panzergrau Matt 14Ml;3
0887961380002;Mattel Hot Wheels DWD94 Limited Car Ghostbusters;3
4014519674597;Lamy 1231377 Notizbuch;2
4012390401134;Nici 40113.0 - Sitztier - Einhorn Theodor 80cm stehend hart gefüllt zum Sitzen;2
4012390409710;Nici 40971 Hausschuhe Einhorn Theodor Figürlich 38-41;8
0819441010161;Spirograph - 33980 - Super Kit - Bastelset;8
4012390407402;Nici 40740.0 - Kuscheltier Kissen Einhorn Theodor;2
0883028478965;Rubie's 3 884789 M - Lagoona Blue Kind Kostüm;3
4001868083033;Folia 8303 - Skizzenblock;12
4002372202804;Idena Notizbuch A4 Schwarz;6
4002372432010;Idena 4320102 - 6 Dinosaurier im Beutel;3
4008332193946;Happy People 19394 - Scout;6
4005556131860;Ravensburger 13186 - Meine Lieblingspferde;9
4001738070231;Busch 7023 - Tunnelportal 2-gleisig HO;6
4015594828318;Schultüte / Zuckertüte / 85cm / eckig / "Polizei";6
4001949007002;Heless 700 - Weichpuppe Mädchen Lili;3
4015594818654;Nestler 6855360 - Schultüte Spiderman Ultimate;3
4026602412825;Vollmer 41282 Rauchgenerator groß;14
4013285133000;Auhagen 13300 - Haus Hanna;12
4006094327005;Pebaro- 327 - 4 Laubsäge-Sperrholzplatten DIN A4;6
4010168210698;Teller Vicky &;3
8003558361304;Kinder-Kostüm-Set Kleiner Ninja;3
4002129103033;Mini Lupenbecher 4cm+Schnur;3
4012390389555;Nici 160 cm Jori der Pinguin Plüsch Spielzeug;2
8003558942503;Hexenhut in 3 versch. Farben sortiert (keine Vorauswahl);5
5010994852177;12 Stk. Transformers Tiny Titans Sammelfiguren;3
4005556150687;Ravensburger 15068 - Duftender Lavendel;9
4007246606207;NOCH 60620 - Bürgersteig;14
0026635160711;lustiger;3
4013285425082;Auhagen 42508.0 - Hintergrund Wolkenstein;14
4007246378029;Noch 37802 - Angelausflug;8
8003558330201;Widmann 3302A Polizeimarke;8
4104090805043;Faller 180504 - Modellhintergrund Ostholstein;14
4010070292935;Herz Anhänger in der Schachtel - Heart charms in matchbox 1 Anhänger von 4 Textvarianten;3
4008705075855;Herma 7585 Fotophan Fotohüllen (für 80 Fotos im Format 10x15cm;6
5010994887841;Hasbro Spiele 15692398 - Looping Louie;4
4015594833046;Schultüte / Zuckertüte / 85cm / eckig / "Feuerwehr";3
0887961174526;Hot Wheels Batman 2015: Batman Fängt Batmobil;3
4015594815424;Schultüte Phineas & Ferb (XL);6
4007246584802;58480 - NOCH - Felsplatte "Schichtgestein";8
4001883727301;Märklin 72730 - Schaltpult;6
5011921061211;Stormcast Eternals Liberators;3
4008332780306;Happy People 78030 - Liegematratze;3
4001738075892;Busch 7589 - Aqua Modellwasser;10
4026602394367;Kibri 39436 - H0 Lokschuppen Eschbronn einständig;14
4009803361451;Revell Aqua Color 36145 - Revell - Aqua Color Helloliv;8
4001738461282;Busch 46128 Smart Fortwo07 »Follow me«;14
6943478006270;Hape E0426 - Farben- und Formensortierer;3
4001738012026;Busch 1202 - Maisfeld;14
4008525127505;Ursus 15875500 - Faltblätter Aurelio Stern Transparentpapier;3
4007246143405;Noch 14340 - Laser-Cut Trafohaus;8
5201184856758;12-teiliges Einladungs-Set Unicorn für Kindergeburtstag oder Mottoparty;3
4002372319090;Idena 250043 - Schulranzenset;5
4028279851884;Schultüte / Zuckertüte / 85cm / eckig / "Dinosaurier T-Rex";5
4010070275785;TOPModel 8053 - Fantasy Model Schmuckkästchen;6
4026602041902;Viessmann 4190 "H0 Oberleitungsbuch" Fahrzeug;14
4002372271596;Idena 40047 - Plüschtier Orcawal mit Glitzeraugen;2
0000042023357;Olivgrün Seidenmatt 14Ml;8
4009847080073;Theo Klein 8007 - BOSCH Werkzeugkarte;8
4011796920164;Elektronisches Dartboard Score 2. Generation 92016;5
4001738010312;Busch 1031 - Container;14
4002162482836;Rubies Haarreif - Minnie Mouse Ohren;3
4002827704204;Beluga 70420 - Super Kubb klein;3
5011921064915;Citadel Shade Paint Set;3
4012700724557;Pelikan PI 12 - Deckfarbkasten Prinzessin mit 12 Farben und 1 Tube;3
0000042082446;Sky Matt Raf 14Ml;14
4002372540715;Idena 540899 - Einsteckalbum Rosen;3
4010070349752;Depesche 8790 Loopschal TOPModel;6
4001949019043;Heless 1904 - Jeansset mit Strickpullunder und Hemd;3
4013594619479;Goki 61947 - Musikinstrument - Regenstab;3
4010070314163;Miss Melody 8739 - Plüschpferd mit Sound;5
4013285122288;Auhagen 12228 - Alte Maschinenfabrik;12
4008110220840;Herlitz 10507788 Ordner A4 S80 Jelly Beans;6
8436543869705;Cife 708970 - Schüleretui Tripledecker 43 teilig gefüllt Star Wars;3
4012390355208;Nici 35520 - Esel Schlenker;2
9783440115909;Sternenschweif;8
4008110534640;Herlitz 11438736 Triple Etui 31-teilig;3
4006592510770;Simba 105111077 - My Love Dolly Stoffpuppe;2
8003558409808;Kunstblut-Gel Flasche Halloween;3
4028106666230;Trix N Reinigungsbuerste;8
4012390409130;Nici 40913.0 Winter Snow Cat 75 cm dangling;2
4002372823979;Idena 8230097 - Verkleidungskiste Disco;3
8003558825004;Widmann 8250K;3
4007742196202;Wollowbies Häkelset Schantall Schaf: Anleitung;2
4010070226336;Depesche 7915 - Stickerheft Create your Fantasy World;3
4002372301132;Idena 30113 Dekolichterkette mit 10 warm weißen LED und Timer;3
8003558682102;WIDMANN S.R.L.;3
4005575094047;Fleischmann Metallschienenverbinder;8
4001750187078;Peanuts 187078 - Snoopy Schlüsselanhänger;2
4001883241159;Märklin 24115 H0 Gebogenes Gleis R1 360 mm;8
4035576044437;Monopoly Vogtland;8
8003558368204;Children's Little Caballero Child Costume for Zorro Fancy Dress;3
4010070320423;Miss Melody 6562 - Federtasche Deluxe;5
4892401034601;Playgo 3460 - Mein Staubsauger mit Echtfunktion;3
4000798164188;HOBBY LINE Porcelain Pen metallic Perlweiß;6
4001868056976;Folia 211/2020 - Bastelset Bascetta Stern;10
4010070245108;Monster Cars 6033 - Freundebuch für Jungen;5
4004943570541;Big 800057054 - Playbig Bloxx Bobby Car Bobby's Garage;3
8003558666508;Widmann 6665C - Kostümset Hausmädchen;14
4001128149707;Bob Ross Landschaftspinsel 2;6
4013285132805;Auhagen 13280 - Ringlokschuppen;12
4047443171368;Step by Step Flexline Schulranzen-Set 5-tlg. Soccer II soccer II;6
8003558938803;LIBROLANDIA 9388E MINI CAPPELLI DA STREGA;3
4002372371784;Idena 337178 - Idena CD- Geldkassette;3
4002432392803;Leitz 39620037 Bebop Klemm-Mappe (A4;12
4002432331437;Leitz 19143000 Hängehefter Alpha;12
4002372081065;Idena 7008106 - Zelt Set;3
4015594819279;Nestler Schultüte Schmetterling Zuckertüte Schulanfang Einschulung Schule Kinder: Größe: 85 cm 6-eckig;5
4002129423926;Pfiffikus 42392 - Profi-Fernglas mit Gürteltasche;5
4002432310609;Leitz 50380095 kleiner Locher (16 Blatt;6
4002432334766;Leitz 24760003 - Stehsammler Plus 2476 farblos;12
4013285425099;Auhagen 42509 - Hintergrund Döllnitztal;14
4002432359561;Leitz 10155001 Qualitäts-Ordner Plastik-Cover (A4;12
4010070281885;TOPModel Create your Fantasy Princess - Malbuch mit Stickern;6
0746775244743;Mattel Fisher-Price Y7784 - Lernspaß Einkaufstasche;2
4008113320103;Herlitz Hefte A5/16Bl 03320108 Lineat.01;4
4002372216771;Idena 621677 - Wachsmalstifte mit Schiebehülse;3
4012700972309;Pelikan 972307 - Griffix Tintenschreiber gelb;6
4005556007059;Ravensburger 00705 - tiptoi Die internationale Sprachen-Rallye;6
4009803361994;Revell Aqua Color 36199 - Revell - Aqua Color aluminium;10
4104090001797;FALLER 120179 - Fußgängerbrücke;14
4005575061254;Fleischmann Gleis Geb. Rad.2 36° (10Er Set);4
4008332780559;Happy People Matte PE-Liegematte gerollt circa 180 x 50 x 07 cm;6
4012700950093;Pelikan 950097 Füllhalter Style Feder M;6
4029059105661;Mammut 143002 - Kratzbilder - Dauerkalender Tiere;8
4002372005597;Idena 208065 Collegeblock A4;4
4015731040153;Puky Pukylino lovely pink 4015;2
4012700724250;Pelikan 724252 - Deckfarbkasten ProColor;6
4015731040160;4016 - Puky Pukylino Ocean;2
4012700808059;Pelikan 732/3/2/B Deckweiß 2 Tuben (2 x 7;6
4009803361918;Revell Aqua Color 36191 - Revell - Aqua Color eisen;10
4008110380674;herlitz Füllhalter "my.pen" für Linkshänder;6
4006381393133;STABILO EASYergo 3.15 rechts hellgrün/dunkelgrün + Spitzer - Ergonomischer Druckbleistift zum Schreibenlernen + Nachfüllmine;5
8003558498901;WIDMANN S.R.L.;14
4511338008089;Copic Ciao Marker;6
4002372740214;Idena 8274021 - Luftschlangen;3
4002372801960;Weihnachtsmannsack 858.0196 Nikolaussack rot ca.90x60cm a.Filz;5
8003558599301;Hair Extension Plait Child - Blonde;3
4005556264926;Ravensburger 26492 - Deutschlandreise;8
4005546211367;Durable 235701 Blockmappe (für DIN A4;5
4010070325992;TOPModel Kugelschreiber mit Sound;6
4009803361154;Revell Aqua Color 36115 - Revell - Aqua Color gelb;10
4006149505501;WP Buntball Winnie Pooh 5 Zoll;3
4003801797458;Wedo 168224 Motivlocher groß Schmetterling (mit praktischem Auffangbehälter;6
4002372271572;Idena 40045 - Plüschtier Hai mit Glitzeraugen;2
4010168210711;Haba 300389 Glitzerbecher Vicki & Pirli;3
4001738072228;Busch 7222 - Geländeteppich Blumenwiese;3
4005998761052;HUDORA Pylone;6
4006149501008;John 50100 - Tennisring;3
4010168011929;HABA 1192 - Erkundungssteine;2
4002432443956;Leitz Sichthüllen Spitzenqualität 4153/4153-00-03 farblos;12
8003444814563;Sevi 81456 - Zubehörset Bäume 2-teilig;3
4003801005294;Wedo 147554 Brieföffner (mit Holzgriff;16
4001949091933;Heless Schlafsack für kleine Puppen von 20-25cm in 2 Farben (sortiert!);3
4000798241605;Mucki 24160 - Bastelfarben 6er Set;6
4001868073119;Folia 731100 - Flechtschnüre 100er;3
4002372420963;Idena Kinderschere;5
4001868033380;Folia 840/2020 - Bastelset Bascetta Stern;10
0887961380040;Hot Wheels Ford Focus RS 2009 Forza Motorsport 1:64;4
4010070270223;TOPModel 7987 - Shoe Designer - Malbuch mit Rubbelsticker;6
4001664011810;Günther 1181 - Kinderdrachen Elwin;4
4000798411558;Hobby Line 41155 - C2 Window Color Pen Box Winterspaß;6
4001868033564;Folia 326/2020 - Bastelset Bascetta Stern;10
8003558475407;Coole Netzstrumpfhose PANTYHOSE neon gelb;14
8003558383061;Kinder-Kostüm-Set Kleine Spinnenfrau;5
4000798401511;Hobby Line 40151 - C2 Glas Design Fenstermalfarben Set Power Pack;6
4000908004960;Sohni-Wicke 496 - Utah 12 Schuss Gewehr;3
4002372032036;Idena Notizbuch A6;2
8003558866304;Widmann 8663B - Haarreif Bienchen;14
4007249243010;Step by Step Touch Schulranzen-Set 5 tlg. 2009 Panther;6
4000908004427;Widmann 0442 - Bonny 12 Schuss Revolver Schalldämpfer;3
8003558428908;Widmann 4289C - Kinderkostümset Cowboy;3
8003558546701;Widmann 5467X - Kostümset Bunny für Erwachsene;14
4000798796006;Hobby Line 79600 - Acryl- Glanzlack Creativ-Set 6 x 20 ml;6
4002432452088;Leitz 1652-00-45 - Trennblätter1652 A4 100-er;12
4012390343052;Nici 34305 - Schaf Jolly Sleepy Schlenker 120 cm;3
4012700972736;Pelikan 972737 - Tintenroller Pelikano R480 blau;6
4001738122992;Busch – bue12299 – Modellbau – Achsen metallischen;12
4260235681221;Starkid 68122 - Autorennbahn mit Ferngesteuertem Fahrzeug;6
8003558515004;Hexenhut / Farbe: schwarz;3
4064900041095;Lineal 30 cm f. Linkshänder KUM Lefty L3 Softie Flex;6
4009803396934;Revell 39693 - Weichmacher: Decal Soft 30 ml;10
4001738016826;Busch 1682 - Ladegut Stahlmatten;14
8003558274604;Bären-Kostüm für Babys;3
4042448105684;tesa Powerstrips Deckenhaken / Drehbarer Haken aus hochwertigem Kunststoff zum Kleben / Bis 0;6
8003558866403;Widmann 8664M - Haarreif Käfer;14
9783815755877;Hoppe;2
4002372020774;Lineal Superflex;6
4009803361369;Revell Aqua Color 36136 - Revell - Aqua Color karminrot;10
4002372100957;Idena 510095 - Jumbo Bleistifte;5
4260223170621;III 170621 - Hawaii Party Rock;3
4042448104885;Powerstrips Haken Oval;6
0610934140927;DAKINE Damen Women'S School Case Federmäppchen;3
6943478001237;Hape 702831 - Holzspielzeug Dschungel- Musik;2
4002051691325;Kosmos 691325 - Uluru;8
4010168021416;Haba 2141 - Puppe Mali;3
0000042022855;Mausgrau Matt 14Ml;3
8003558666805;Widmann – Ac1577 – Verkleidungsset;2
8003444814464;Sevi 81446 - Spielset Enten am Teich;3
4043946266891;Undercover FRZH3300 - Tattoo Stifte;6
4042774426460;Jamara 405060 - Bagger Liebherr R936 1:20 2;8
5010994384081;Hasbro Puppe – 78837 – Littlest Petshop Duo mit Zubehör – Fuchs (807) und Welpen Basset (808);4
4005556005024;Ravensburger 00502 - tiptoi: Starter-Set mit Stift und Buch;4
4001883249032;C-Gleis-Ergänzungspackung C3;3
4001883714004;Märklin 71400 - Stecker-/Muffenpackung mit 100 Stück;10
4012700960474;Pelikan B1R Griffix Refills Bleistiftminen Packung mit 3 Minen;3
4005556148899;Ravensburger 14889 - Südsee Flair - 500 Teile Complete Puzzle Set;9
5711013035556;NEXO Knights Federmappe;3
4005575094559;Fleischmann piccolo 9455 - Innenbeleuchtung;8
9783815755839;Schlaf;2
8003558592906;PLUSH CAT HOODED PONCHO 98 to 110CM FANCY DRESS COSTUME;2
8003558308200;Widmann 3082P Piratensäbel und Augenklappe;8
5413538794849;Simba 6315879484 Disney Micky Maus Baby Plüsch Musikspieluhr;2
0026635282529;Folienballon Nummer 5 SuperShape Gold;8
6943478001114;Hape 702842 - Holzbausteine;2
4010070335007;TOPModel 6597.001 - Create your Wedding Special Malbuch;6
4001167813898;Zapf Creation 813898 - CHOU CHOU - Klatsche in die Hände;3
4002372820091;Idena 8582009 - Lichterkette Eiszapfen 10er weiß für Innen;3
4013285144532;Auhagen 14453 - Bahnhof Radeburg;14
4001738011531;Busch 1153 - Kleintier Set;14
4001883744704;Märklin 74470 Weichenlaternensatz;8
4000798495510;Hobby Line 49551 - Cres Deco Strukturschnee 150 ml;6
4018501026098;Spielmaus Brettschaukel;3
4006592413392;Simba 104011339 - ABC Softspieluhr (Modell sortiert);2
4002372510565;Idena 40462 - Magnetdart mit 6 Magnetpfeilen;3
5413538787063;SIMBA TOYs 6315878706 Disney Plüsch;2
4005556266296;Ravensburger 26629 - Hunde memory;4
8003558037704;Schwarz-Weiße Feder Boa Federboa;3
4010168066820;Haba 6682 Melamin-Schüssel Blütenelfe;2
4043946263623;Undercover CAGR0310 - Ringbuch A4;6
4001868075601;Folia 23929 - Häkelset Pinguin;8
0887961055634;Mia and me Mini-Einhorn Sortiment - CFD66 Balanda Einhorn;3
4002162517231;Rubie's 1 2419 116 - Polizeishirt Kostüm;3
4007246087600;Noch 8760 - Ausschmückung: Schneeflocken;14
3588270021583;Angelspiel 4 Enten;3
4007487106269;Kopfbügel mit Teufelshörnern;3
4000798474201;Kreul 47420 - Hobby Line Lackmalstift extrafine;6
9783957744524;Schülerkalender EULE 2017/2018 - Schulplaner 17/18 - 1 Woche auf 2 Seiten;6
4012991232083;Nerchau 431906 - Porcelan Art 6-er Set;6
5413538787247;Disney MMCH Basic;14
0000042022640;Revell 32102 Farblos Matt 14 ml;3
4010070314156;Miss Melody 8738 - Plüschpferd mit Sound;5
4010070320485;TOPModel Glitter Tattoo Set;6
4005556007516;Ravensburger 00751 - tiptoi Spiel Wissen & Quizzen Schöne Orte Europas;6
4010070310981;Dino world 5136 _ A Lunchbox;3
4001738073416;Busch Umwelt – bue7341 – Modelleisenbahnen – Beflockung Schaumstoff – Grün Mai – UV x 5;14
4010168022130;HABA 2213 Ringelreih;3
4009803361772;Revell Aqua Color 36177 - Revell - Aqua Color staubgrau;10
4026602478012;Vollmer 47801 - Kastenbrücke - N;14
8003558734511;Widmann 73451 - Kostüm Zenzi;14
4001738011579;Busch 1157 - Boote-Set;14
4005556060771;Ravensburger 06077 - Bob the Builder - Arbeit in Bobhausen;4
4013285133284;Auhagen 13328 - Bahnhof Wittenburg;14
4010070334802;Depesche 8549 - Malbuch Create your Fantasy Model mit Stickern;6
4012390411522;Nici 41152.0 - Forest Friends -Kissen Stinktier Steve rechteckig 43x25cm;2
4018501043057;SpieleMaus Sprungball Hupfball "Super" Durchmesser ca. 60 cm blau;3
4010070323868;TOPModel 8715 - Beauty Case Friends;6
4015594826093;Nestler 6856080 - Schultüte Hot Wheels Monster Truck;5
8005125265862;Clementoni 26586.2 - Maxi 60 T Trolls-You're invited to this party;3
4010070324032;Miss Melody 6565 - Stickerworld - Mal und Stickerbuch;5
4043946254843;Scooli Schulranzen Campus Plus ´Cars´;3
8003558011513;ZOMBIE SKIN MAKEUP;3
8003558075669;Widmann 07566 Kinder Kostüm "Einhorn";5
4026602435381;Vollmer 43538 Bahnsteig sechsteilig;14
4038114010437;Einhorn Schlüsselanhänger mit LED Licht und Sound 7cm in weiss oder rosa;3
4511338051313;Copic Ciao Marker;3
7312350336177;BRIO World 33617 - Westernlok;3
8003558965465;Widmann 96546 Kinderkostüm Engel;5
8003558734528;Widmann 73452 - Kostüm Zenzi;14
4010070321628;TOPModel 6345 - Portemonnaie;6
8717646218448;Real Construction 201844 - Schraubendreher-Set;5
4002372220594;Idena 22059 - Kinder Leuchtglobus mit Tierabbildungen;3
3457010954453;Trousselier S99430 Schneekugel;3
8003558026517;Widmann 02651 - Kostüm Hexe;14
5411313450188;Dymo S0720580 D1-Etiketten (Selbstklebend;2
8003558192403;Widmann - Kinderkostümset Prinzessin;7
8009233422209;Multiprint 42220 - Reise-Stempelset Dinosaurier im Koffer;3
3700514306427;Splash Toys 30642 - Teksta 5G;5
4001868033298;Folia 814/2020 - Bastelset Bascetta Stern;10
0082686136020;Kaetzchen Set f.Kinder;11
4010070332761;Miss Melody 6382 Brustbeutel;5
4002372405298;IDENA JUMBO FAULENZER;6
0027084287820;Fisher Price J0328-0 - Dschungeltiere Spielwürfel;2
3417765061042;VTech Baby 80-506104 - Ballspaß Schildkröte;2
4012390408058;NICI Frischi 8cm 4 Düfte 6 Motive Einhorn Apfel Frsichis Anhänger Plüschtier;3
0026635282840;Amscan 26/66 x 34/86 cm Nummer 4 Super Shape Folienballon;8
4032966006303;Schneeschieber Kinder (SPW)[Spielzeug];3
0026635282567;Folienballon Farbe Gold in Form einer 7;8
4010168023335;Haba 2333 - Entdeckersteine Curioso;2
0630996280355;Little Live Pets 3350 - Maus 6 Sortiert;3
3296580365654;Findet Dorie Badewannen-Spritzfigur;3
4013285445813;Auhagen 44581.0 - Korkgleisbettung für Weichen;14
5414635011686;Konfettiflasche;2
4010168201788;HABA 300136 - Mini-Mobile Schutzengel Felicia;2
4002372161132;Idena 516113 - Fineliner;5
4001868089653;Folia 8965 - Faltblätter 15 x 15 cm;8
8003558734535;Widmann 73453 - Kostüm Zenzi;14
4010070308421;Miss Melody 8442 - Freundebuch mit Licht und Sound;5
4010070321345;Trend 5697 - SNUKIS Plüsch;4
0000040127460;Pelikan 952010 Tintenroller Pura R40;6
8712026542151;Boland 54215 – Set Laternen Bavaria Oktoberfest;14
4001883249056;C-Gleis-Ergänzungspackung C5;3
3131910254690;Pilot Ausmalbuch mit 12 Filzstiften in Tasche;3
0000042023371;Dunkelgrün Seidenm. 14Ml;3
9783957743909;Adventskalender mit 24 Ausmalbildern;4
4006144581715;Oxford Heft A4 Lin. 22/384401622 Lin. 22-kariert 5mm 90g/qm;6
4010070320690;Trend Create your Castle;4