4005556003679;Ravensburger 00367 - tiptoi Spielfigur: Antilope;4
4005556003594;Ravensburger 00359 - Tiptoi Spielfigur Giraffenjunges;4
4005556003648;Ravensburger 00364 - Tiptoi Spielfigur: Schimpanse;4
0027084877977;Mattel T1882-0 - Skip-Bo Junior;4
4002372001742;Idena 610053 - Buntpapier DIN A4;4
5010994947255;Hasbro Yo-Kai Watch B5943100 - Uhr inklusiv 2 Medaillen;4
4005556215560;Ravensburger 21556 - Lotti Karotti;4
5025123311609;Animagic 31160.4300 - Elektronische Haustier Pony;4
4002372003258;20 Blatt Tonzeichenpapier / DIN A4 / 10 verschiedene Farben;4
0887961073935;Hw Schiffe Star Wars STDO.;4
4012700987013;Pelikan 987016 Tintenlöscher 850F;4
0746775094751;Mattel Fisher-Price W9834 - Raupe;4
0746775323455;Mattel Hot Wheels BGK04 Color Shifters Hai-Attacke Spielset;4
4006381429580;STABILO SMARTball rechts schwarz/cyan Schreibfarbe blau - ergonomischer Kugelschreiber mit Touchscreen-Funktion (Stylus);4
4902505375149;PILOT Textmarker FRIXION light;4
4005556006335;Ravensburger 006335 tiptoi® Wieso? Weshalb? Warum? - Komm mit auf die Baustelle;4
4005556003662;Ravensburger 00366 - tiptoi Spielfigur: Spitzmaulnashorn-Bulle;4
4005556005642;Ravensburger 00564 - Tiptoi Tier-Set Bauernhof;4
4002372002343;Idena 212013 Malblock A4;4
4002372003227;10 Blatt Tonzeichenpapier / DIN A3 / 10 verschiedene Farben;4
8711808832602;Super Sand 83260 - Kinderknete;4
4002372341411;Idena 634141 - Klebestift;4
4012700961013;Pelikan 961011 - Wachsschreiber pink;4
4029286451005;COLINT Faltschlitten DAVOS 100 cm TÜV/GS geprüft Klappschlitten faltbar Schlitten Rodel Holzschlitten Holz DKS 63100;4
4005556231195;Ravensburger 23119 - Max Mümmelmann - Mitbringspiel;4
4005556232802;Ravensburger 23280 - Billy Biber - Mitbringspiel;4
4005556232444;Ravensburger 23244 - Maulwurf Versteckspiel - Mitbringspiel;4
4005556088997;Ravensburger 08899 - Vorsicht Baustelle!;4
4005556005895;tiptoi® Entdecke die Tiere Afrikas (tiptoi® Wieso? Weshalb? Warum?;4
4005556214228;Ravensburger 21422 - Hämmerchen Spiel;4
5010994687007;Littlest Petshop – a1345e240 – Puppe – Versteckspiel N SWEET Lamb;4
4002372100896;Deutschlandfahne mit Holzstab 30x45 cm WM 2010 - Idena (SPW);4
4902505417559;Pilot 2270009 Tintenschreiber BLRT-FR7-P Frixion;4
4005556005871;tiptoi® Komm mit in den Wald (tiptoi® Wieso? Weshalb? Warum?;4
4005556006205;tiptoi® Erste Zahlen (tiptoi® Mein Lern-Spiel-Abenteuer);4
4005556090426;Ravensburger 09042 - Sam hilft dir in der Not;4
4005556006229;Ravensburger tiptoi Die Welt der Fahrzeuge;4
5010994895761;Hasbro European Trading B.V. B2912EU4 - Star Wars E7 Basislichtschwert;4
8003558965458;Widmann 96545 Kinderkostüm Fee;4
4013594589086;Goki Buchstabenwürfel;4
4005556006090;tiptoi® Erste Buchstaben (tiptoi® Mein Lern-Spiel-Abenteuer);4
4005556007066;Ravensburger 00706 - Tiptoi Spiel Der hungrige Zahlen-Roboter;4
4005556222674;Ravensburger 22267 - Sau-Bande!;4
4012700961020;Pelikan Griffix Wachsschreiber für Links-/Rechtshänder mit 3 Ersatz-Wachsschreibminen violett;4
4005556006083;tiptoi® Die Welt der Pferde und Ponys (tiptoi® Wieso? Weshalb? Warum?;4
4005556233939;Ravensburger 23393 - Lotti Karotti - Hasenrennen;4
4002372005184;12 Blatt Glanzpapier / 12 verschiedene Farben / DIN A4;4
4005556005864;tiptoi® Entdecke die Piraten (tiptoi® Wieso? Weshalb? Warum?;4
4002372100902;Deutschlandfahne ca. 60x90 cm - Idena (SPW);4
4002372003425;Stylex 40057 Schulblock A4 mit 50 Blatt kariert;4
4006381119429;Spitzer - STABILO woody 3 in 1 Spitzer - für extradicke Stifte - rot/grün;4
4005556088829;Ravensburger 08882 - Welt der Pferde;4
4002372002084;Idena 602201 Geo-Set;4
4902505375132;Pilot Frixion Light - Highlighter;4
4008113320301;Hefte A5/16 Lin.03 FSC Mixed;4
4010070314002;Dino World 5140 - Handpuppe;4
8003558075652;Widmann 07565 Kinder Kostüm "Einhorn";4
4010070321321;Trend 5695 - SNUKIS Plüsch;4
4005556005000;Ravensburger 00500 - tiptoi®: Der Stift;4
4006942749706;Darda 50374 - Darda Auto Mercedes Benz SLS AMG rot;4
4027177215231;Pilot 2260BM2I Aktionspack Inhalt: 1 Frixion Ball schwarz + 1 Frixion Ball blau + 1 Frixion Mine GRATIS;4
4010070308575;Dino World 5135 - Freundebuch;4
4008113321902;Herlitz Schulheft DIN A4 16 Blatt / Lineatur 07 (kariert;4
4000225024610;Schulordner A5 2-Rg 25mm rot PP-Leinenstruktur;4
4010070308056;7Skills Rucksack - pink;4
4001648697801;Pustefix 420869780 - Bubble-Dampfer;4
4002372003418;IDENA SCHULBLOCK A4;4
8003558400904;HALLOWEEN MAKEUP SET W/ACC CHILD FOR FANCY DRESS ACCESSORY;4
5010994920463;Hasbro B3675EU4 - Star Wars E7 Class I Deluxe Fahrzeug;4
4002372000417;Idena 300041 - Kartonschnellhefter in A4;4
4010070333805;Depesche 5376 - Malbuch Create your Zoo mit Stickern;4
4002372223748;Idena - Sammelmappe A3 sortiert (SCHW);4
4002372005214;Transparentpapier A5;4
5010994887841;Hasbro Spiele 15692398 - Looping Louie;4
4008113320103;Herlitz Hefte A5/16Bl 03320108 Lineat.01;4
4005575061254;Fleischmann Gleis Geb. Rad.2 36° (10Er Set);4
4002372005597;Idena 208065 Collegeblock A4;4
0887961380040;Hot Wheels Ford Focus RS 2009 Forza Motorsport 1:64;4
4001664011810;Günther 1181 - Kinderdrachen Elwin;4
5010994384081;Hasbro Puppe – 78837 – Littlest Petshop Duo mit Zubehör – Fuchs (807) und Welpen Basset (808);4
4005556005024;Ravensburger 00502 - tiptoi: Starter-Set mit Stift und Buch;4
4005556266296;Ravensburger 26629 - Hunde memory;4
4005556060771;Ravensburger 06077 - Bob the Builder - Arbeit in Bobhausen;4
4010070321345;Trend 5697 - SNUKIS Plüsch;4
9783957743909;Adventskalender mit 24 Ausmalbildern;4
8001444386219;Giochi Preziosi Zhu Zhu Pets Spielhaus;4
4008789051646;PLAYMOBIL Duo Pack Grosser und kleiner Pirat;4
4008789054678;PLAYMOBIL Schwertransporter;4
4008789066718;PLAYMOBIL Familien Wohnmobil;4
4008789066428;PLAYMOBIL Loewenfamilie;4
4008789047793;PLAYMOBIL Angler;4
4008789041838;PLAYMOBIL Gruener Miniflitzer;4
4008789055682;PLAYMOBIL Kinderspielplatz;4
4008789061461;PLAYMOBIL SuperSet Piratenfestung;4
4008789053701;PLAYMOBIL Fee mit Zauber Reh;4
8711915029346;Sylvanian Families Doppelbett;4
8711915028820;Epoch 2882 Sylvanian Families Baumhaus;4
4001504405052;Schmidt Spiele Die Sendung mit der Maus Mausefalle;4
4008789051103;PLAYMOBIL Trakehner;4
4008789068484;PLAYMOBIL Prinzessinnenschloss;4
4008789041814;PLAYMOBIL Blauer Miniflitzer;4
4008789052766;PLAYMOBIL Wild Life Grosse Arche der Tiere;4
4008789061201;PLAYMOBIL Grosser Bauernhof;4
4008789052537;PLAYMOBIL Frachtschiff mit Verladekran;4
4008789066244;PLAYMOBIL Adventskalender Weihnacht auf dem Bauernhof;4
5702015591812;LEGO Juniors 10723 Disney Princess Arielles Delfinkutsche;4
4008789068606;PLAYMOBIL Schaufelbagger mit Raeumschild;4
4001648695951;Pustefix 869595 Bubble Rad;4
4008789068170;PLAYMOBIL Hirsch mit Rehfamilie;4
8711915028813;Epoch Sylvanian Families Blockhuette;4
4008789066725;PLAYMOBIL Shop mit Imbiss;4
4008789053473;PLAYMOBIL Piratenschatzkoffer;4
4008789060006;PLAYMOBIL Koenigsburg der Loewenritter;4
4008789069450;PLAYMOBIL Nilpferd mit Baby;4
4008789047847;PLAYMOBIL Rockstar;4
4008789066251;PLAYMOBIL Adventskalender Geheimnisvolle Piratenschatzinsel;4
4008789036704;PLAYMOBIL RC Modul Set;4
5010994920593;Hasbro Star Wars Kylo Ren Basislichtschwert;4
4005556211180;Ravensburger Dragons memory Legespiel;4
6943478012271;Hape Und Weg Damit;4
8711915034173;Sylvanian Families Seidenkatzen Baby Zo;4
5010994963507;Hasbro Trolls Die Fashion Zwillinge;4
4005556266302;Ravensburger Deutschland memory;4
4008789053817;PLAYMOBIL Zahnfee;4
4008789066480;PLAYMOBIL 2 Orang Utans mit Baby;4
5702015592116;LEGO Juniors 10725 NINJAGO Verlorener Tempel;4
4043946232094;Undercover Monster High Schreibset 4 teilig;4
8711915031110;Sylvanian Families Weisse Maus Familie Nagemann;4
4008789052100;PLAYMOBIL Dogge mit Welpe;4
5010994978532;Hasbro Yo Kai Watch Figuren sortiert;4
4005556214242;Ravensburger Spielhaus;4
4008789068200;PLAYMOBIL Maskierter Bandit;4
8711915031349;Sylvanian Families Waldkaninchen Familie Hoppel;4
4008789068743;PLAYMOBIL Polizei Helikopter mit LED Suchscheinwerfer;4
5702015355704;LEGO Classic 10692 Bausteineset;4
5010993334575;Hasbro Spiderman Titan Hero Spiderman Figur;4
3417761591048;VTech 80 159104 Flipsies Carinas rzte Set and Minigolf;4
4008789043115;PLAYMOBIL Verkehrsflughafen;4
4008789066282;PLAYMOBIL Adlerritter Angriffsturm;4
3417762752042;Vtech Storio Max TV Lernspiel Die Garde der Loewen;4
8711915029520;Sylvanian Families Badezimmer Set;4
4008789090591;PLAYMOBIL 9059 Eispiraten Truck;4
4008789051004;PLAYMOBIL Grosse Steinzeithoehle mit Mammut;4
5010994942007;Hasbro Disney Princess Little Kingdom Arielle s Wasserschloss;4
4013594153355;goki Dominospiel im Holzkasten;4
4008789066763;PLAYMOBIL Rafting Reifen;4
4008789050489;PLAYMOBIL Traktor mit Langholztransport;4
8718637793180;Aquabeads Regenbogenstation;4
8711915029490;Sylvanian Families Baby Klettergeruest;4
8711915034104;Sylvanian Families Schokoladenhasen Baby Rosi;4
5702015868785;LEGO Juniors 10739 Haiangriff;4
8711915029339;Sylvanian Families Esstisch Set;4
8711915029247;Sylvanian Families Luxus Farbfernseher;4
4008789068651;PLAYMOBIL Schulhaus;4
4008789066442;PLAYMOBIL Alligator mit Babys;4
4008789053800;PLAYMOBIL Hundesitterin;4
4005556234301;Ravensburger Feuerwehrmann Sam Einsatz fuer Sam;4
4008789066275;PLAYMOBIL Drachenritter Bastion;4
4008789069474;PLAYMOBIL Froehlicher Ausritt;4
4008789053060;PLAYMOBIL Buntes Kinderzimmer;4
5010994951412;Hasbro Disney Princess Little Kingdom Schloss;4
5010993347131;Hasbro Marvel Avengers Titan Hero Figur Hulk;4
4008789055484;PLAYMOBIL Kettenkarussell mit bunter Be;4
4008789056399;PLAYMOBIL Aufklapp Spiel Box Blumenladen;4
4008789068231;PLAYMOBIL Space Fighter;4
4005556234233;Ravensburger The Lion Guard Gut gebruellt Kion;4
4008789066121;PLAYMOBIL Schluesselanhaenger Panda;4
8711915028097;Sylvanian Families Popcornwagen;4
5010993322381;Hasbro Star Wars Rogue 1 12 Zoll Ultimate Figuren sortiert;4
4008789053824;PLAYMOBIL Junge mit Kart;4
4008789068477;PLAYMOBIL Duo Pack Ritterduell;4
4008789041661;PLAYMOBIL Adventskalender Weihnacht der Waldtiere;4
8711915031486;Sylvanian Families Kaenguru s Familie Beutel;4
4005556089598;Ravensburger Disney Pixar Cars Neue Abenteuer Puzzle 2 x 24 Teile;4
8711915026376;Sylvanian Families Kindergarten Toilette;4
4005556212675;Ravensburger Der Maulwurf und die Kullerblumen;4
5010994961411;Hasbro Star Wars Rogue One Battle Action Basisfiguren sortiert;4
5010994848484;Hasbro Marvel Super Hero Mashers 6 Deluxe Figuren sortiert;4
4008789061331;PLAYMOBIL Tierweide;4
4008789053046;PLAYMOBIL Babyzimmer mit Wiege;4
5010993317196;Hasbro Star Wars Rogue One Tie Striker mit Figur;4
4008789068910;PLAYMOBIL Nachtwanderung;4
4008789060426;PLAYMOBIL Gespenst mit Farbwechsel LED;4
4008789066268;PLAYMOBIL Adventskalender Ankleidespass fuer die grosse Party;4
4008789068217;PLAYMOBIL Eiserner Ritter;4
6943478012264;Hape Geschichtenerzaehler;4
4008789060068;PLAYMOBIL Spaehtrupp der Loewenritter;4
8718637031442;Sylvanian Families Milchhasen Familie Muemmelmann;4
4008789060013;PLAYMOBIL Falkenritterburg;4
0887961070088;Mattel Hot Wheels Star Wars Raumschiff Tragbares Spielset;4
4008789048981;PLAYMOBIL 4898 Aufklapp Spiel Box Koenigsschloss;4
5702015868778;LEGO Juniors 10738 Schneewittchens Waldhuette;4
4008789069696;PLAYMOBIL Schmueck Pony Herzchen;4
4008789043993;PLAYMOBIL Postkutsche;4
8711915031363;Sylvanian Families Walnuss Eichhoernchen Familie Knacks;4
4008789091291;PLAYMOBIL 9129 Bergsportler;4
8711915032360;Sylvanian Families Seidenkatzen Zwillinge;4
4008789055545;PLAYMOBIL Breakdancer mit Lichteffekten;4
8711915029513;Sylvanian Families Esszimmer Set;4
4008789066855;PLAYMOBIL Krankenwagen mit Licht und Sound;4
4008789047953;PLAYMOBIL Feuerwehrmann mit Hydrant;4
5702015355711;LEGO Classic 10693 Baustein Ergaenzungsset;4
4008789053770;PLAYMOBIL DJ Z;4
5010994963842;Hasbro Trollstadt 4er Charakterset sortiert;4
4008789055477;PLAYMOBIL Dosen Schiessbude;4
4008789061348;PLAYMOBIL Golden Retriever mit Welpen;4
4001648694350;Pustfix 420869435 Pustepipe Seifenblasen 70 ml;4
5010994978105;Hasbro Yo Kai Watch Medaillenfreunde sortiert;4
4008789055606;PLAYMOBIL Loeschflugzeug;4
4008789053077;PLAYMOBIL Romantik Bad;4
4008789068729;PLAYMOBIL Polizei Kommandozentrale mit Gefaengnis;4
4008789066572;PLAYMOBIL Kinderklinik mit Einrichtung;4
9783862170142;Noris Spiele Toystick Buch Umgangsformen;4
4008789090836;PLAYMOBIL 9083 Western Revolverheld;4
4008789055729;PLAYMOBIL Baellebad;4
4008789090850;PLAYMOBIL 9085 Kids mit Sandburg;4
4005556212743;Ravensburger Bob der Baumeister Memory;4
4008789092403;PLAYMOBIL 9240 Loewenritter Festung;4
4008789041845;PLAYMOBIL Roter Miniflitzer;4
4008789052735;PLAYMOBIL WWF Zoologin bei Okapis und G;4
4005556091942;Ravensburger Puzzle Verspielte Vierbeiner 2 x 24 Teile;4
5010993302376;Hasbro Star Wars Rogue One Blasterpower Lichtschwert gruen;4
4008789069368;PLAYMOBIL Rangerstation mit Tieraufzucht;4
4008789054104;PLAYMOBIL Prinzessin am Schwanenteich;4
4008789060051;PLAYMOBIL Tarnkutsche der Falkenritter;4
4008789090553;PLAYMOBIL 9055 Polar Ranger Hauptquartier;4
4008789068712;PLAYMOBIL Starterset Hochzeit;4
4008789069498;PLAYMOBIL Ponymama mit Fohlen;4
4008789068552;PLAYMOBIL Koeniglicher Pferdestall;4
5702015357180;LEGO Classic 10696 Mittelgrosse Bausteinebox;4
4008789090560;PLAYMOBIL 9056 Polar Ranger mit Eisbaeren;4
4008789069382;PLAYMOBIL Safari Flugzeug;4
4008789053794;PLAYMOBIL Gebaeudereiniger;4
4008789051486;PLAYMOBIL Ankleidesalon;4
3417762311041;VTech 231104 Storio 2 Hello Kitty Spiel;4
8712118100504;Fun Promotion 100504 Bright Bugz Das magische Gluehwuermchen sortiert;4
4008789040152;PLAYMOBIL SuperSet Aktiv Spielplatz;4
4008789068163;PLAYMOBIL Angelteich;4
4008789092182;PLAYMOBIL 9218 Duo Pack Polizist und Langfinger;4
4008789061393;PLAYMOBIL Bunte Katzenfamilie;4
5054131302491;Aquabeads Herz Schatullenset;4
4008789090607;PLAYMOBIL 9060 Meeresaquarium;4
4008789053978;PLAYMOBIL Brandeinsatz mit Loeschpumpe;4
4008789068613;PLAYMOBIL Baustellen LKW;4
5010994962203;Hasbro Star Wars Rogue 1 Battle Action Basisfiguren sortiert;4
4008789068460;PLAYMOBIL Duo Pack Pirat und Soldat;4
4008789068118;PLAYMOBIL Forsthaus;4
4008789059765;PLAYMOBIL Zuhause beim Weihnachtsmann;4
4008789053954;PLAYMOBIL Passagierflugzeug;4
4008789048974;PLAYMOBIL 4897 Mitnehm Bauernhof;4
5010994944032;Hasbro FurReal Friends Katze Bootsie;4
4008789068507;PLAYMOBIL Ankleide und Schoenheitssalon;4
4008789042163;PLAYMOBIL Windracer;4
4008789061300;PLAYMOBIL Grosser Traktor mit Anhaenger;4
4008789066176;PLAYMOBIL Schluesselanhaenger Reiterin;4
4008789055873;PLAYMOBIL Weihnachtsmarkt Exklusiv Artikel 2014;4
5010994959838;Hasbro Der magische Zwergenwald;4
4008789053367;PLAYMOBIL Einbaukueche mit Sitzecke;4
4008789060044;PLAYMOBIL Riesentroll mit Zwergenkaempfern;4
4008789053084;PLAYMOBIL Wohnzimmer mit Kaminofen;4
5010994747466;Hasbro A5127E24 Littlest Pet Shop Magic Motion Deluxe Tierchen sortiert;4
8711915024013;Sylvanian Families Einkaufen im Supermakt;4
4008789066824;PLAYMOBIL Piratenfloss;4
4013594519649;Goki Stricksusel;4
4008789061560;PLAYMOBIL Aufklapp Spiel Box Ritterschatzkammer;4
4008789066817;PLAYMOBIL Soldaten Kanonensegler;4
5702015357197;LEGO Classic 10698 LEGO Grosse Bausteine Box 790 Teile;4
4008789066114;PLAYMOBIL Schluesselanhaenger Schimpanse;4
4008789061447;PLAYMOBIL SuperSet Baustelle;4
4008789056375;PLAYMOBIL Aufklapp Spiel Box Ritterschmiede;4
4008789055910;PLAYMOBIL Weihnachtsdeko Engelchen;4
4008789066695;PLAYMOBIL Aquapark mit Rutschentower;4
4008789068682;PLAYMOBIL Starterset Gladiatorenkampf;4
4007396017304;AMIGO RinglDing;4
5010994935375;Hasbro Pinata Party;4
4008789053992;PLAYMOBIL Familie am Check in Automat;4
5054131051900;Sylvanian Families Schokoladenhasen Grosseltern Else und Reinhard Loeffel;4
4008789053718;PLAYMOBIL Wikinger mit Goldschatz;4
4008789054296;PLAYMOBIL Bergrettungs Quad;4
4008789049476;PLAYMOBIL Fussballtortraining;4
4008789066343;PLAYMOBIL Mein grosser Zoo;4
8718637028114;Sylvanian Families Softeisladen Eisbaer;4
5010994804619;Hasbro Littlest Pet Shop Sammeltierchen B sortiert;4
4005556006663;Ravensburger tiptoi Wieso Weshalb Warum Entdecke den Regenwald;4
4007396014204;AMIGO Schlaengeln;4
4008789066169;PLAYMOBIL Schluesselanhaenger Falkenritter;4
0887961069631;Mattel CGN33 Hot Wheels Star Wars Raumschiffe Spielset sortiert;4
4008789091260;PLAYMOBIL 9126 Kletterfels mit Berghuette;4
4008789051677;PLAYMOBIL Neues Mitnehm Puppenhaus;4
4008789053381;PLAYMOBIL City Flughafen mit Tower;4
4008789068262;PLAYMOBIL Artistin;4
4013594585606;goki 58560 Faedelbauernhaus;4
4008789055460;PLAYMOBIL Ballonverkaeufer;4
4008789061584;PLAYMOBIL Aufklapp Spiel Box Waldtierfuetterung;4
4008789053091;PLAYMOBIL Schlafzimmer mit Schminktischchen;4
4008789066787;PLAYMOBIL Piraten Kampfschiff;4
4008789090584;PLAYMOBIL 9058 Eispiraten Racer;4
4008789052582;PLAYMOBIL Neuer RC Gueterzug mit Licht und Sound;4
4008789066138;PLAYMOBIL Schluesselanhaenger Teenager;4
5702015357142;LEGO Classic 10700 Gruene Grundplatte;4
8718637031503;Sylvanian Families Baerenfamilie Pelzig;4
4008789052643;PLAYMOBIL Gueterwaggon;4
4008789068781;PLAYMOBIL Polizei Strassensperre;4
8718637028206;Sylvanian Families Familien Grill Set;4
4008789061409;PLAYMOBIL Hasenstall mit Freigehege;4
4008789047892;PLAYMOBIL Asia Kaempfer mit Waffenstaende;4
4008789066626;PLAYMOBIL Zahnarzt;4
4008789068675;PLAYMOBIL 6867 Riesentraktor mit Spezialwerkzeugen;4
8711915022361;Sylvanian Families Fahrradfahren mit Mutter;4
4008789055439;PLAYMOBIL Notarzt Fahrzeug;4
4008789069481;PLAYMOBIL Ausflug mit Ponywagen;4
5702015357159;LEGO Classic 10701 Graue Grundplatte;4
5010994945510;Hasbro Die Eiskoenigin Little Kingdom Elsa s Eispalast;4
4008789066770;PLAYMOBIL Schwimmmeisterin;4
8718637028190;Sylvanian Families Kuecheneinrichtungsset;4
4008789068514;PLAYMOBIL Himmlisches Schlafzimmer;4
4008789068774;PLAYMOBIL Polizistin mit Balance Racer;4
4008789053961;PLAYMOBIL Flugzeugschlepper mit Fluglotsen;4
4008789090867;PLAYMOBIL 9086 Sky Knight mit Fluggleiter;4
5010993361458;Hasbro FurReal Friends Kami mein ich muss mal Kaetzchen;4
4008789044648;PLAYMOBIL Tierparkfahrzeug;4
0746775260149;Mattel Y9507 Max Steel Basisfiguren sortiert;4
4008789060037;PLAYMOBIL Grosser Burgdrache;4
4008789055613;PLAYMOBIL Luchsfamilie mit Tierfilmer;4
4008789090577;PLAYMOBIL 9057 Hundeschlitten;4
4008789055538;PLAYMOBIL Schiffschaukel;4
4008789066862;PLAYMOBIL Rettungshelikopter;4
4008789055675;PLAYMOBIL KiTa Sonnenschein;4
4008789092175;PLAYMOBIL 9217 Duo Pack Ranger und Wilddieb;4
4008789056412;PLAYMOBIL Aufklapp Spiel Box Surf Shop;4
5010993302390;Hasbro Star Wars Rogue 1 Wirbelaction Lichtschwert;4
5702015354264;LEGO Juniors 10680 Muellabfuhr 99 Teile;4
4008789066701;PLAYMOBIL Wasserspielplatz;4
5054131300497;Aquabeads Polygon Perlen Nachfuellset;4
4008789056382;PLAYMOBIL Aufklapp Spiel Box Monsterburg;4
4007396013801;AMIGO Regenbogen Land;4
4008789055590;PLAYMOBIL Schlauchboot mit Wilderern;4
4008789061096;PLAYMOBIL Altglas LKW mit Containern;4
4008789051424;PLAYMOBIL Prinzessinnenschloss;4
8711915024044;Sylvanian Families Dorfladen fuer Schuhe;4
4008789041821;PLAYMOBIL Oranger Miniflitzer;4
5010994862411;Hasbro Jurassic World Hero Mashers Dinos sortiert;4
4008789052452;PLAYMOBIL WESTERN Grosses Western Fort;4
8711915029285;Sylvanian Families Baby Hochstuhl;4
4008789055453;PLAYMOBIL Rettungsinsel;4
4008789060693;PLAYMOBIL Surf Roadster;4
4008789060815;PLAYMOBIL Ferienflieger;4
4008789060389;PLAYMOBIL Riesenkanone der Falkenritter;4
8711915029360;Sylvanian Families Schminkkommode;4
4007396077902;AMIGO Halli Galli Junior;4
