0746775260743;Mattel Y9598 - Scrabble Original Kreuzwortspiel;10
4005556141715;Ravensburger 14171 - Harmonie im Dschungel;10
4002051628116;KOSMOS 628116 Physik Profi;10
4002051693602;Kosmos - Catan - Das Spiel;10
4005556264216;Ravensburger 26421 - Europareise;10
8593539002239;Koh-I-Noor Progresso Buntstifte-Set;10
4007486238213;Carrera 20023821 - Digital 124 BMW M1 Procar "BASF No.80";10
4005556125777;Ravensburger 12577 - Leuchtturm bei Nacht;10
4005556125722;Ravensburger 12572 - Fachwerkhaus - 3D Puzzle - Bauwerke;10
4002051693411;Catan - Entdecker & Piraten;10
4002051692230;Kosmos 692230 - Norderwind;10
4002051620479;KOSMOS 620479 - Hydraulik-Arm;10
4001883702315;M채rklin 70231 - Fahrdraht-ausgleichsst. Inhalt 5 St체ck;10
4260286398987;Taschenkalender mit Klappe A6 2017: Have a nice Day;10
4001868033267;Folia 800/2020 - Bastelset Bascetta Stern;10
4002051640118;Kosmos 640118 - Chemielabor C 1000;10
4009803363745;Revell Aqua Color 36374 - Revell - Aqua Color - Aqua Color grau;10
4005556148509;Ravensburger 14850 - Funkelndes Einhorn;10
4042677700766;Ass Altenburger 70076 - Kartenspiel Romme Senioren;10
4001738075892;Busch 7589 - Aqua Modellwasser;10
4001868056976;Folia 211/2020 - Bastelset Bascetta Stern;10
4009803361994;Revell Aqua Color 36199 - Revell - Aqua Color aluminium;10
4009803361918;Revell Aqua Color 36191 - Revell - Aqua Color eisen;10
4009803361154;Revell Aqua Color 36115 - Revell - Aqua Color gelb;10
4001868033380;Folia 840/2020 - Bastelset Bascetta Stern;10
4001868033564;Folia 326/2020 - Bastelset Bascetta Stern;10
4009803396934;Revell 39693 - Weichmacher: Decal Soft 30 ml;10
4009803361369;Revell Aqua Color 36136 - Revell - Aqua Color karminrot;10
4001883714004;M채rklin 71400 - Stecker-/Muffenpackung mit 100 St체ck;10
4009803361772;Revell Aqua Color 36177 - Revell - Aqua Color staubgrau;10
4001868033298;Folia 814/2020 - Bastelset Bascetta Stern;10
4005556125562;Ravensburger Eiffelturm 216 Teile;10
4002051615918;KOSMOS Electronic Master;10
4005556125968;Ravensburger Puzzle Freiheitsstatue bei Nacht;10
4005556125975;Ravensburger Puzzle Freiheitsstatue Pop Art Edition 108 Teile;10
4005556267200;Ravensburger Wettlauf nach Eldorado;10
4007486236219;Carrera 124 Digital Race of Victory;10
4001504481834;Hans im Glueck Stone Age;10
4007486855090;Carrera Digital 124 Leitplanke 20m;10
4007751633163;Marabu do it colorspray Chalkboard Tafel gruen 150 ml;10
4005556125593;Ravensburger Tower Bridge 216 Teile;10
4007751633149;Marabu do it colorspray Chalkboard Tafel schwarz 150 ml;10
4005556147434;Ravensburger Puzzle Fantastische Einhoerner 5oo Teile;10
5702014983076;LEGO Mindstorms 31313 EV3;10
4002051628918;KOSMOS Solar Evolution;10
4005556266029;Ravensburger Scotland Yard Master;10
4007486238282;Carrera Digital 124 BMW M1 Procar Sauber Racing No 90;10
4005556272389;Ravensburger Kuhhandel Das Brettspiel;10
5425016921937;Asmodee Concept;10
4011898099850;Abacus Anno Domini Sex and Crime;10
4007486238503;Carrera Digital 124 Mercedes AMG C93 DTM M Goetz No 84;10
4007486238251;Carrera Digital 124 Mercedes Benz SLS AMG GT3 Martini No 33;10
4007486207677;Carrera Digital 124 Blinklichtdecoder;10
4005556147458;Ravensburger Puzzle Wolfsfamilie im Sonnenschein 500 Teile;10
4007396009941;AMIGO Rage Jubilaeumsmaeppchen;10
4002372221997;Idena Acrylfarben Set 11x12ml 1x21ml;10
4007953392240;Scout Schulranzenset Alpha Active Lite Limitiert Drache 5 teilig;10
4007953402260;Scout Schulranzenset Sunny Goal 4 teilig;10
4007953344300;Scout Schulranzen Nano Sunrise;10
4007953402291;Scout Schulranzenset Sunny Dino Bite 4 teilig;10
4007953404059;Scout Schulranzenset Sunny FB Team 4 teilig;10
5702015592420;LEGO Friends 41123 Waschhaeuschen fuer Emmas Fohlen;10
4007953402406;Scout Schulranzenset Alpha Glitter Heart 4 teilig;10
4007953404073;Scout Schulranzenset Sunny Orca Ocean 4 teilig;10
4008789092694;PLAYMOBIL 9269 Grosse Familienkueche;10
4007953404080;Scout Schulranzenset Sunny Summertime 4 teilig;10
4007953402307;Scout Schulranzenset Sunny Mandala 4 teilig;10
4007953404165;Scout Schulranzenset Alpha FB Team 4 teilig;10
4007953404202;Scout Schulranzenset Alpha Happy Dolphins 4 teilig;10
4007953404103;Scout Schulranzenset Sunny Pink Dino 4 teilig;10
4007953402529;Scout Schulranzenset Alpha Cinderella 4 teilig;10
4007953402437;Scout Schulranzenset Sunny Cinderella 4 teilig;10
4007953392158;Scout Schulranzenset Sunny Limitiert Dance II 5 teilig;10
4007953402352;Scout Schulranzenset Alpha Goal 4 teilig;10
4007953411446;Scout Schulranzenset Alpha Lilac Unicorn 4 teilig;10
4008789066367;PLAYMOBIL Zoofahrzeug;10
4007953404097;Scout Schulranzenset Sunny Happy Dolphins 4 teilig;10
4047443285782;Coocazoo Rucksack JobJobber2 Green Purple District;10
4007953411255;Scout Schulranzenset Sunny BMX 4 teilig;10
4007953404172;Scout Schulranzenset Alpha Power Tractor 4 teilig;10
4007396049107;AMIGO 6 nimmt;10
4007953404196;Scout Schulranzenset Alpha Summertime 4 teilig;10
4007953402277;Scout Schulranzenset Sunny Bat 4 teilig;10
4007953402390;Scout Schulranzenset Alpha Mandala 4 teilig;10
4007953411422;Scout Schulranzenset Alpha Summer Green 4 teilig;10
4007953411378;Scout Schulranzenset Alpha Super Knights 4 teilig;10
4007953392134;Scout Schulranzenset Sunny Limitiert Neon Dino 5 teilig;10
8003558388479;Widmann 38847 Kinderkostuem Vampir Groesse 140;10
4007953411385;Scout Schulranzenset Alpha Raptor 4 teilig;10
4007953411354;Scout Schulranzenset Sunny Savage 4 teilig;10
4007953402314;Scout Schulranzenset Sunny Glitter Heart 4 teilig;10
4007953404219;Scout Schulranzenset Alpha Pink Dino 4 teilig;10
4007953411453;Scout Schulranzenset Alpha Maerchenwald 4 teilig;10
4007953392141;Scout Schulranzenset Sunny Limitiert World Cup 5 teilig;10
4008789092687;PLAYMOBIL 9268 Badezimmer;10
4008789066671;PLAYMOBIL Schluesselanhaenger Pinguin;10
4008789050533;PLAYMOBIL 5053 Romantische Hochzeitskirche;10
4007953411408;Scout Schulranzenset Alpha Wings 4 teilig;10
7638900410433;Batterie Advanced Baby C 2er;10
4007953392127;Scout Schulranzenset Sunny Limitiert Lovely Horse 5 teilig;10
4007953411460;Scout Schulranzenset Alpha Savage 4 teilig;10
4007953390086;Scout Schulranzenset Alpha Fancy Forest 4 teilig;10
4007953390000;Scout Schulranzenset Sunny limitiert Fancy Forest 4 teilig;10
4007953404233;Scout Schulranzenset Alpha Fancy Forest 4 teilig;10
4047443285645;Coocazoo Rucksack JobJobber2 Checkmate Blue Red;10
4047443285652;Coocazoo Rucksack JobJobber2 Walk The Line Purple;10
4007953404035;Scout Schulranzenset Sunny Space 4 teilig;10
4007953411392;Scout Schulranzenset Alpha Intro 4 teilig;10
4007953404141;Scout Schulranzenset Alpha Space 4 teilig;10
4007953411439;Scout Schulranzenset Alpha Cool Princess 4 teilig;10
4007953402369;Scout Schulranzenset Alpha Bat 4 teilig;10
4007953373560;Scout Schulranzenset Nano Street Soccer 5 teilig;10
4007953389653;Scout Schulranzenset Sunny Sunshine 5 teilig;10
4007953411323;Scout Schulranzenset Sunny Cool Princess 4 teilig;10
4008789092663;PLAYMOBIL 9266 Modernes Wohnhaus;10
4008789092700;PLAYMOBIL 9270 Froehliches Kinderzimmer;10
4008789092205;PLAYMOBIL 9220 Ghostbusters Ecto 1;10
4010168011493;HABA Kugelbahn Klangtreppe;10
4010168011592;HABA Kugelbahn Schlaengelbahn;10
4008789066664;PLAYMOBIL Schluesselanhaenger Notaerztin;10
4005556125845;Ravensburger 3D Puzzle Bauwerke Freiheitsstatue 108 Teile;10
4010168035017;HABA Kugelbahn Glastunnel;10
4007953411361;Scout Schulranzenset Alpha BMX 4 teilig;10
4005317234847;Roba Spielzelt Schloss;10
4008789092526;PLAYMOBIL 9252 Agent P s Spy Racer;10
4007953411415;Scout Schulranzenset Alpha Commander 4 teilig;10
4008789069320;PLAYMOBIL 6932 Pferdekutsche;10
4007953402420;Scout Schulranzenset Sunny My Pretty Garden 4 teilig;10
4005556250134;Ravensburger Die Leseratte;10
4008789092212;PLAYMOBIL 9221 Stay Puft Marshmallow Man;10
4008789069351;PLAYMOBIL 6935 Pferdebox Appaloosa;10
4008789092106;PLAYMOBIL 9210 Basketball Duell;10
4007953272153;Scout Schulranzen Nano Butterfly;10
7638900410426;Batterie Advanced Mono D 2er;10
7638900410457;Batterie Max Alkaline D Mono LR20 E95 2er;10
4002051644901;KOSMOS Leuchtende Hoehlenkristalle;10
4008789066411;PLAYMOBIL Zebrafamilie;10
4009729051245;Novus Schreibtisch Accessoire Set Hefter E15 Locher E210 rot glaenzend;10
4005556125869;Ravensburger Puzzle Big Ben mit Uhr 216 Teile;10
4007953402413;Scout Schulranzenset Alpha My Pretty Garden 4 teilig;10
4008789069283;PLAYMOBIL 6928 Pferdetransporter;10
4008789092519;PLAYMOBIL 9251 Agent T E C s Mech;10
4007751651556;Marabu Fashion Schimmer apricot 100 ml;10
4007953411286;Scout Schulranzenset Sunny Intro 4 teilig;10
4007751627025;Marabu Aqua Pen Mega Mash 12 teilig;10
0292372048012;Scout Schulranzen Buddy Neutron Star;10
8003558026173;Widmann 02617 Kinderkostuem Indianer braun Groesse 140;10
4008789092670;PLAYMOBIL 9267 Wohnzimmer;10
4008789092199;PLAYMOBIL 9219 Ghostbusters Feuerwache;10
4008789066589;PLAYMOBIL Schluesselanhaenger Pirat;10
9783440144909;KOSMOS Jugendbuecher Die drei Tatort Kreuzfahrt;10
4009729009437;Novus Heftgeraet B4 schwarz;10
4047443285591;Coocazoo Rucksack JobJobber2 Beautiful Black;10
4007953411330;Scout Schulranzenset Sunny Lilac Unicorn 4 teilig;10
4007953404226;Scout Schulranzenset Alpha Sternschnuppe 4 teilig;10
4007953344294;Scout Schulranzen Nano Stormy Sea;10
5000394105485;DURACELL Plus 9V Block;10
4007953376387;Scout Schulranzenset Nano Sweet Butterfly 4 teilig;10
4007953404066;Scout Schulranzenset Sunny Power Tractor 4 teilig;10
4007953393599;Scout Schulranzenset Nano Limitiert BMX 4 teilig;10
0292372041068;Scout Schulranzen Nano Cherry pink;10
4002051627928;KOSMOS Wind Energie;10
4005556125883;Ravensburger Big Ben bei Nacht 216 Teile;10
8003558026074;Widmann 02607 Kinderkostuem Indianerin braun Groesse 140;10
8003558490370;Widmann Kinderkostuem Pop Star Girl 140cm Kleid;10
4007953378923;Scout Schulranzenset Buddy Street Soccer 5 teilig;10
4007396017564;AMIGO Kartenspiel Ladybohn Manche moegens heiss;10
4007953355726;Scout Schulranzenset Emotion Sunny Speed 5 teilig;10
4047443285768;Coocazoo Rucksack JobJobber2 Lime District;10
4007953347288;Scout Schulranzen Buddy Sunrise;10
4009729048603;Novus Tischheftgeraet E 15 rot glaenzend;10
4007953379913;Scout Schulranzenset Sunny Active Lite Sweet Butterfly 5 teilig;10
4010070312237;Depesche My Style Princess Casual Rucksack sortiert;10
4008789092717;PLAYMOBIL 9271 Schlafzimmer;10
4007953404127;Scout Schulranzenset Sunny Fancy Forest 4 teilig;10
4008789092816;PLAYMOBIL 9281 Auto mit Dachbox;10
8003558025176;Widmann Kinderkostuem Teufelin 140;10
4007953411309;Scout Schulranzenset Sunny Commander 4 teilig;10
4002051694104;KOSMOS Die Siedler von Catan Seefahrer Edition 2015;10
4007953379104;Scout Schulranzenset Buddy Flowery Island 5 teilig;10
8003558002979;Widmann Kinderkostuem Skullmaster Groesse 140;10
4009729009703;Novus Heftgeraet B4 blau;10
4002051644895;KOSMOS Experimentierkasten chemisches Leuchten;10
0292372049279;Scout Schulranzen Sunny Dance II;10
4008789092625;PLAYMOBIL 9262 Adventskalender Reiterhof;10
4007953376837;Scout Schulranzenset Nano Mohnblume 4 teilig;10
4008789092649;PLAYMOBIL 9264 Adventskalender Wichtelwerkstatt;10
4007953402376;Scout Schulranzenset Alpha Desert Race 4 teilig;10
4008789092724;PLAYMOBIL 9272 Einweihungsparty;10
4007953411347;Scout Schulranzenset Sunny Maerchenwald 4 teilig;10
4007953390031;Scout Schulranzenset Sunny Lion Ranger 4 teilig;10
4007953402383;Scout Schulranzenset Alpha Dino Bite 4 teilig;10
4007953411262;Scout Schulranzenset Sunny Super Knights 4 teilig;10
8003558072170;Widmann Kinderkostuem Indianer Groesse 140;10
4007953402284;Scout Schulranzenset Sunny Desert Race 4 teilig;10
4007953411316;Scout Schulranzenset Sunny Summer Green 4 teilig;10
4007953393605;Scout Schulranzenset Nano limitiert Happy Summer 4 teilig;10
4007751652232;Marabu Fashion Shimmer Classic Glam Set 3 x 100 ml;10
4007751627063;Marabu Aqua Pen Bubblegum King 6 teilig;10
8003558040278;Widmann Kinderkostuem Polizist hellblau Groesse 140 Hemd Hose Hut Krawatte Guertel;10
4007953393629;Scout Schulranzenset Buddy Limitiert Jubilaeum Lovely Cat 4 teilig;10
8003558039173;Widmann Kinderkostuem Maerchenprinzessin rosa Groesse 140 Kleid and Krone;10
9783440136430;KOSMOS Die drei Betrug in den Charts 144 Seiten;10
8003558013371;Widmann Kinderkostuem Ninja rot 140;10
4007953389967;Scout Schulranzenset Sunny Power Tractor 4 teilig;10
4007751627100;Marabu Fineliner Colour Doodle Supreme 12 teilig;10
4008789100849;PLAYMOBIL Flughafen Servicefahrzeuge 2er Pack;10
4002432316779;Leitz NeXXt Series Buerolocher Metall 30 Blatt blau;10
4002432336050;Leitz 51380035 Starker Buerolocher;10
4007953379388;Scout Schulranzenset Sunny 3 Freunde 5 teilig;10
8003558587575;Widmann 58757 Kinderkostuem deluxe Traumprinzessin Groesse 140;10
4007486201088;Carrera Exclusiv Custom Rods 1 24;10
8003558585472;Widmann 58547 Kinderkostuem Pirat exklusiv Groesse 140;10
5702016116915;LEGO Technic 42077 Rallyeauto;10
4002051659059;KOSMOS Mitbringexperiment Kristall Tiere;10
4007953404042;Scout SEK Sunny Schulranzenset SEK 4 teilig;10
4008789092809;PLAYMOBIL 9280 Skihuette;10
0746775306878;Mattel BFX49 Scrabble Speed;10
4008789069290;PLAYMOBIL 6929 Pferdewaschplatz;10
4008789069269;PLAYMOBIL 6926 Grosser Reiterhof;10
4008789092434;PLAYMOBIL 9243 Dragons Berk;10
4007953393551;Scout Schulranzenset Buddy Drache 5 teilig;10
