4005556003723;﻿Ravensburger 00372 - tiptoi® Appaloosa Pony;6
4013285805068;Auhagen Wände 2323A / 2323B rot, Spur H0;14
4013285114290;Auhagen Kö-Schuppen, Spur H0;14
4010168049083;HABA Spiel Pony Pokal Supermini;5
4004943551335;BIG 800055133 - Waterplay Fire Boat Set;5
5702015592420;LEGO Friends Waschhäuschen für Emmas Fohlen;8
9783401453958;Arena 45395-8 - Hier kommt Ponyfee! Abenteuer im Reich der magischen Ponys;7
4013285425594;Auhagen Vorgartenzäune, Mauerteile, Spur H0 und  TT;13
5011921061211;Warhammer Age of Sigmar Stormcast Eternals Liberators;5
4013285806010;Auhagen Wände 2324B gelb, Spur H0;14
4005086421264;Schleich 42126 - Ponysattel + Zaumzeug Farm Life;252
4008789052100;PLAYMOBIL® 5210 -  Dogge mit Welpe;7
4007953387734;Scouty Vorschulranzen Minialpha Kran;15
4001504426033;Schmidt Spiele Benjamin Blümchen, 12 cm, 18 Stück im Display;7
9001890657696;Piatnik Bubbles;7
4008789054623;PLAYMOBIL® 5462 - Rock Dragon mit Kämpfer;8
4029753902092;Die Spiegelburg 90209 - Prinzessin Lillifee Haarschmuckset;8
4056558156078;Xtrem Toys Fussball Euro 2016;11
4008789043696;PLAYMOBIL® 4369 - Fahrregler Lehmann LGB;4
4001868043082;Folia Kindermasken Pferd/Einhorn, 6 Stück, weiß;5
4002911164297;Pap Star Löffel, weiß, 100 Stück;12
4008789066787;PLAYMOBIL® 6678 - Piraten-Kampfschiff;7
4013285481057;Auhagen Stahltragwerkselemente Teil F, Spur H0 und  TT;13
4002372103514;Idena Kladde blau/schwarz, A7, liniert, 96 Blatt;15
4008789051462;PLAYMOBIL® 5146 - Schlafgemach mit Babywiege;7
4008789054753;PLAYMOBIL® 5475 - Verzauberter Kristallsee;7
4001504490676;Schmidt Spiele Kniffelblock, 30 St. im Display;10
6943478006157;Hape E1016 - Fädelspiel Pony Lernspielzeug;5
4008789055941;PLAYMOBIL® 5594 - Eishockey-Arena;5
4002372055301;Idena Kinder CD Player mit 2 Mikrofonen SING A LONG, pink;3
9321104829337;Playgro 0182933 - Badespielzeug-Geschenk-Set;2
8711808330023;Goliath Robo Fish Findet Dorie Marlin;5
4013594539005;goki Jo-Jo Papagei;2
4008789066602;PLAYMOBIL® 6660 - Krankenzimmer mit Babybett;7
5010994819125;Hasbro My Little Pony Glitzer Prinzessinnen, sortiert;30
9783401453910;Arena 45391-0 - Das Pony Trio Drei Ponys bringen Riesenspaß;10
4008789066596;PLAYMOBIL® 6659 - Röntgenraum;6
4260177144709;Saico Gartenstecker mit Solar;4
4013285805136;Auhagen Wände 2324E rot, Spur H0;15
51141982625;3M Post-it Haftstreifen Pagemarker;5
4008789054708;PLAYMOBIL® 5470 - Bauleiterfahrzeug;10
4000798113803;KREUL Chalky Kreidefarbe Mild Mocca, 150 ml;4
8421361588;ty Beanie Boos Einhorn Fantasia, 15cm;7
9783785574348;Das kleine Einhorn im Land der Riesen;6
4013285436477;Auhagen Dachrinnen, Fallrohre, Spur TT;14
4002432106066;Leitz Sichtbuch WOW, A4, mit 20 Hüllen, pink-metallic;15
4008789067876;PLAYMOBIL®  6787 - 1, 2, 3 Weihnachtsmann mit Rentierschlitten;3
4013285411610;Auhagen Korkgleisbettung für Schienen, Spur H0;14
4013285435852;Auhagen Bahndammauffahrt - Schaumstoff, Spur TT;14
4002432105939;Leitz Ablagebox WOW, A4, blau-metallic;15
4029753501240;Die Spiegelburg Sparschwein Fröhliche Tupfen;5
4013285113521;Auhagen Imbiss- und Marktstände, Spur H0;13
4028279701400;Roth 677173 - Schultüte Einhorn mit Fohlen mit Glitter, 70 cm, rund;18
4018501035137;Vedes 18229 - Playsino Bilder-Domino;3
5055856416722;Wolfenstein 2;4
5051890312334;Rocket League - Collector's Edition (deutsch) (Switch);4
4013285122394;Auhagen Dorfgasthaus, Spur H0 und  TT;13
4008789051486;PLAYMOBIL® 5148 - Ankleidesalon;10
4008789066848;PLAYMOBIL® 6684 Piratenkapitän;7
4013285766550;Auhagen Schaumflocken laubgrün fein, 400ml;13
4002911141595;Pap Star Gerfrierbeutel, 6 Liter, 45 Stück;16
4013285426300;Auhagen Hochspannungsmasten, Spur H0 und  TT;13
4002911123362;Pap Star Halter für Hygienebeutel, weiß;6
4005086421806;Schleich Pflegeset Einhorn und Pegasus Bayala;4
4000798113629;KREUL Chalky Kreidefarbe Cream Cashmere, 150 ml;3
4005556105595;Ravensburger 105595 - Im Reich des Einhorns, 100 Teile;7
4001883584379;Märklin 58437 - Silberling 1./2.Kl. DB;15
4008789061072;PLAYMOBIL® Albrecht Dürer;7
5011921065028;Warhammer Tau Empire Broadside Battlesuit;5
4005086137417;Schleich 13741 - Fell Pony Fohlen;13
4002051691967;KOSMOS Die drei ??? und der Feuerdiamant Play it smart;8
4013285802111;Auhagen Folie für Fenster, Spur H0;14
4002432106011;Leitz Projektmappe WOW, A4, 6 Fächer, orange-metallic;15
4001949006463;Heless Ballerinas mit Schleife, Größe 38-45 cm, sortiert;5
4008789066626;PLAYMOBIL® - 6662 Zahnarzt;7
9321104011459;Playgro 101145 - Pferd Klipp Klapp mit Rassel;4
51141977928;3M Post-it Haftnotizen Super Sticky, 76 x 76 mm, gelb;16
4029753121936;Die Spiegelburg Haargummiset Pferdefreunde;5
4005086421219;Schleich 42121 - Decke und Halfter Pony, lila/weiß;5
4013285807185;Auhagen Wände 2391E geputzt, Industriefenster L, Spur H0;14
5010994929091;Hasbro My Little Pony Prinzessin Cadance;5
4008789052513;PLAYMOBIL® 5251 - WESTERN Marshal;7
4008789054791;PLAYMOBIL® 5479 - Große Asia-Drachenburg;8
4006592418915;Simba 104011891 - Play & Learn Metallkreisel;3
4008789054678;PLAYMOBIL® 5467 - Schwertransporter;7
4013285766512;Auhagen Islandmoos grün, 50g;13
4008789052568;PLAYMOBIL® 5256 - Großer Containerstapler;5
4008789052599;PLAYMOBIL® 5259 - CARGO-Team mit Ladegut;5
4008789054807;PLAYMOBIL® 5480 - Geheime Drachenfestung;8
4005086422568;Schleich 42256 - Playset Höhle;5
4260409633179;Trötsch Schülerkalender, A5, grün, 1W/2S;7
7312350337563;Brio Bunter Clown-Zug;3
4006680018379;Blair Witch Project;4
4008789061911;PLAYMOBIL® 6191 Eishockey-Schiedsrichter;5
4013285485963;Auhagen Fahrbahnen, Geländer, Spur H0 und  TT;13
8711808329317;Goliath Gobsmax Double Pack;6
4005086137523;Schleich 13752 - Shetland Pony Fohlen;3
4010884539424;Freitag, der 13. (Remake);10
45496343354;NINTENDO Nintendo Classic Mini: Super Nintendo Entertainment System;16
5414635069236;Goodmark Deutschland Flagge, 35 x 45cm;3
4008789052117;PLAYMOBIL® 5211 - SAMMELN Hunderassen Schäferhündin mit Welpen;10
4013285425525;Auhagen Fußsteige gerade, Spur H0 und  TT;13
9783897778634;moses. GEOlino Quiz Erde;8
4013285805198;Auhagen Wand 2410E, Wände 2410F und Wände 2410H rot, Spur H0;12
4013285501021;Auhagen Dekorpappen unregelmäßiges Mauerwerk, Spur H0 und  TT;13
4001504569044;Schmidt Spiele Puzzle Tower Dinosaurier, 10 Teile;5
4013285522309;Auhagen Dekorplatten Wellblech rotbraun, Spur H0 und  TT;13
4005556290819;Ravensburger 29081 - My first Color Set Ponys;5
4008789060990;PLAYMOBIL® Martin Luther 500 Jahre Reformation 1517-2017;4
9783785580547;Löwe Verlag 8054 - Lesen, Schreiben, Rätseln mit der Bildermaus Ponyhof;6
4008789053046;PLAYMOBIL® 5304 - Babyzimmer mit Wiege;7
9783401451725;Arena 45172-5 - Kleine Naturführer Ponys und Pferde;9
4013285766642;Auhagen Schaumflocken erdbraun fein, 400ml;14
4008789048967;PLAYMOBIL® 4896 - XXL-Prinzessin, ca. 62cm;3
4028279701530;Roth 677187 - Schultüte Einhorn mit Fohlen, 70 cm, rund;18
4013285122165;Auhagen Erweiterung Tanklager, Spur H0 und  TT;11
4013285417032;Auhagen Flachlorenattrappen, Spur H0;14
4010070303587;Depesche TOPModel Tagebuch Fantasy Model;7
4013285122264;Auhagen Berggasthaus Pöhlberg, Spur H0 und  TT;6
4008789055460;PLAYMOBIL® 5546 - Ballonverkäufer;7
4005086704213;Schleich 70421 - Einhorn, steigend;5
8421420513;ty Beanie Babies Einhorn Charming, 15cm;7
8421421459;ty Teeny Schildkröte Shuffler, 10cm;7
4008789051615;PLAYMOBIL® 5161 - Click & Go Croc Speeder Boot;8
4008789053039;PLAYMOBIL® 5303 - Romantisches Puppenhaus;7
4008789066817;PLAYMOBIL® 6681 - Soldaten-Kanonensegler;7
4008789066244;PLAYMOBIL® 6624 - Adventskalender Weihnacht auf dem Bauernhof;6
4029753122070;Die Spiegelburg Softball Die Lieben Sieben;0
4005086421738;Schleich 42173 - Pflege-und Futterset Einhorn und Pegasus;4
796714270685;TOMY Lamaze Play & Grow Captain Calamari, die Piratenkrake;5
4000225039348;Veloflex Bewerbungsmappe A4, schwarz;15
4002911833469;Pap Star Duft-Stumpenkerze Vanilla;6
4013285426461;Auhagen Maschendrahtzaun, Spur H0 und  TT;13
7312350337082;Brio Mein erster Waggon mit Licht;3
4028279702001;Roth 677033 - Schultüte Prinzessin mit Einhorn mit Glitter, 70 cm, rund;5
4013285426027;Auhagen Eisenbahn-Signaltafeln und -Schilder, Spur H0 und  TT;13
4008789053060;PLAYMOBIL® 5306 - Buntes Kinderzimmer;7
4001504569006;Schmidt Spiele Puzzle Tower Bibi Blocksberg, 10 Teile;5
4008789059833;PLAYMOBIL® 5983 - Pferdestall;4
4008789061935;PLAYMOBIL® 6193 Eisbearbeitungsmaschine;5
4008789066855;PLAYMOBIL® 6685 - Krankenwagen mit Licht und Sound;7
4008789051417;PLAYMOBIL® 5141 - Kanonen-Offizier der Rotröcke;4
4005086137905;Schleich 13790 - Island Pony Stute;13
4005556006083;Ravensburger 00608 - tiptoi® WWW Die Welt der Pferde und Ponys;16
4013285587919;Auhagen Kunststoffsockel;14
4002432105977;Leitz Ablagebox WOW, A4, grün-metallic;15
4008789031204;PLAYMOBIL® 3120 - Reiterhof;4
4000844426284;heckler und koch g36c;3
7312350337051;Brio Meine erste Batterielok;1
4008789054715;PLAYMOBIL® 5471 - Ketten-Kompaktlader;4